ram_gb,ssd,hdd,display_size,price,Marca,Marca del Procesador,Modelo del Procesador,Sistema Operativo
8,256,0,14.0,24990.0,avita,amd,apu dual,windows
4,0,1024,14.0,20900.0,hp,amd,apu dual,windows
32,32,0,14.0,26899.0,hp,amd,athlon dual,windows
4,0,1024,15.6,34649.0,asus,intel,core i3,windows
4,0,1024,15.6,39999.0,lenovo,intel,core i3,windows
8,0,1024,14.0,58799.0,asus,intel,core i5,windows
4,0,1024,14.0,49999.0,lenovo,intel,core i5,windows
8,256,0,14.0,56490.0,hp,intel,core i3,windows
8,256,0,14.0,65390.0,hp,intel,core i5,windows
4,256,0,14.0,31999.0,lenovo,intel,celeron dual,windows
8,256,0,14.0,32490.0,hp,intel,celeron dual,windows
4,0,1024,15.6,23990.0,asus,intel,celeron dual,windows
4,0,1024,15.6,32955.0,hp,intel,core i3,windows
4,0,1024,15.6,46200.0,hp,intel,core i5,windows
4,256,0,14.0,34429.0,asus,intel,core i3,windows
8,256,0,15.6,37990.0,lenovo,intel,core i3,windows
4,256,0,15.6,35990.0,asus,intel,core i3,windows
8,256,0,14.0,33980.0,asus,intel,core i3,windows
8,256,0,14.0,39990.0,hp,intel,core i3,windows
8,256,0,14.0,39490.0,dell,intel,core i3,windows
8,256,0,14.0,53990.0,hp,intel,core i3,windows
8,256,0,15.6,38990.0,acer,intel,core i3,windows
8,256,0,15.6,37990.0,asus,intel,core i3,windows
8,256,0,14.0,37890.0,asus,intel,core i3,windows
8,256,0,14.0,38990.0,lenovo,intel,core i3,windows
8,256,0,14.0,37990.0,lenovo,intel,core i3,windows
8,256,0,14.96,41990.0,dell,intel,core i3,windows
8,256,0,15.6,45990.0,asus,intel,core i3,windows
8,256,0,15.6,39990.0,lenovo,intel,core i3,windows
8,256,0,15.6,42490.0,dell,intel,core i3,windows
4,256,0,14.0,36990.0,dell,intel,core i3,windows
8,256,0,14.0,53990.0,lenovo,intel,core i3,windows
8,256,0,14.0,36990.0,asus,intel,core i3,windows
4,256,0,15.6,38940.0,lenovo,intel,core i3,windows
4,256,0,15.0,39490.0,dell,intel,core i3,windows
8,256,0,15.6,39999.0,lenovo,intel,core i3,windows
8,256,0,15.6,42990.0,dell,intel,core i3,windows
8,256,0,14.0,49990.0,dell,intel,core i3,windows
8,256,0,14.0,41490.0,dell,intel,core i3,windows
8,256,0,14.0,41990.0,lenovo,intel,core i3,windows
8,256,0,15.6,38490.0,asus,intel,core i3,windows
4,256,0,15.0,38990.0,lenovo,intel,core i3,windows
4,256,0,15.6,44990.0,lenovo,intel,core i3,windows
4,256,0,14.0,36490.0,lenovo,intel,core i3,windows
8,256,0,15.6,38970.0,lenovo,intel,core i3,windows
8,256,0,15.6,48500.0,dell,intel,core i3,windows
8,256,0,15.6,48990.0,asus,intel,core i3,windows
4,256,0,14.0,54238.0,hp,intel,core i3,windows
8,512,0,15.6,37990.0,asus,intel,core i3,windows
8,512,0,15.6,42990.0,hp,intel,core i3,windows
4,512,0,15.6,35990.0,asus,intel,core i3,windows
8,512,0,14.0,42990.0,asus,intel,core i3,windows
8,512,0,14.0,51990.0,asus,intel,core i3,windows
8,512,0,15.6,48990.0,asus,intel,core i3,windows
8,512,0,15.6,38990.0,lenovo,intel,core i3,windows
8,512,0,14.96,45990.0,dell,intel,core i3,windows
8,512,0,15.6,42490.0,hp,intel,core i3,windows
8,512,0,15.6,43970.0,hp,intel,core i3,windows
4,512,0,15.6,39990.0,asus,intel,core i3,windows
8,512,0,14.0,48990.0,msi,intel,core i3,windows
8,512,0,14.0,54990.0,hp,intel,core i3,windows
8,512,0,14.0,40990.0,msi,intel,core i3,windows
8,512,0,14.1,41990.0,asus,intel,core i3,windows
8,512,0,14.0,54990.0,lenovo,intel,core i3,windows
8,512,0,14.0,44990.0,asus,intel,core i3,windows
8,512,0,15.6,41250.0,hp,intel,core i3,windows
8,512,0,14.0,44990.0,hp,intel,core i3,windows
8,512,0,14.0,60790.0,dell,intel,core i3,windows
8,512,0,15.6,45650.0,hp,intel,core i3,windows
8,512,0,14.0,41990.0,dell,intel,core i3,windows
8,512,0,15.6,45490.0,dell,intel,core i3,windows
8,512,0,14.1,44990.0,asus,intel,core i3,windows
8,512,0,15.6,42990.0,lenovo,intel,core i3,windows
8,512,0,15.6,45930.0,dell,intel,core i3,windows
8,512,0,14.0,55490.0,hp,intel,core i3,windows
8,0,1024,14.1,32890.0,asus,intel,core i3,windows
8,0,1024,15.6,35990.0,lenovo,intel,core i3,windows
8,0,1024,15.6,42490.0,dell,intel,core i3,windows
8,0,1024,14.0,42190.0,dell,intel,core i3,windows
8,0,1024,14.0,39490.0,dell,intel,core i3,windows
8,0,1024,15.6,43690.0,hp,intel,core i3,windows
4,0,1024,15.6,35990.0,asus,intel,core i3,windows
8,0,1024,15.6,43800.0,dell,intel,core i3,windows
8,0,1024,15.6,38990.0,lenovo,intel,core i3,windows
4,0,1024,15.6,34990.0,asus,intel,core i3,windows
8,0,1024,15.6,38900.0,asus,intel,core i3,windows
8,0,1024,14.96,37990.0,dell,intel,core i3,windows
8,0,1024,15.6,49279.0,hp,intel,core i3,windows
8,0,1024,15.6,38999.0,lenovo,intel,core i3,windows
8,0,1024,15.6,41500.0,asus,intel,core i3,windows
4,0,1024,15.6,36999.0,acer,intel,core i3,windows
8,0,1024,15.6,42900.0,dell,intel,core i3,windows
8,0,1024,15.6,41480.0,dell,intel,core i3,windows
8,0,1024,15.6,32990.0,asus,intel,core i3,windows
8,0,1024,15.6,38680.0,asus,intel,core i3,windows
8,0,1024,14.96,40390.0,dell,intel,core i3,windows
4,0,1024,14.1,33990.0,asus,intel,core i3,windows
8,256,1024,15.6,41490.0,dell,intel,core i3,windows
8,256,1024,15.6,45490.0,dell,intel,core i3,windows
8,256,1024,15.6,44490.0,dell,intel,core i3,windows
8,256,1024,14.1,41890.0,asus,intel,core i3,windows
4,256,1024,14.0,42990.0,dell,intel,core i3,windows
8,256,1024,14.0,40990.0,acer,intel,core i3,windows
8,256,1024,15.6,48990.0,dell,intel,core i3,windows
8,256,1024,15.6,46390.0,dell,intel,core i3,windows
4,0,1024,15.6,29999.0,lenovo,intel,celeron dual,windows
8,128,0,13.3,76012.0,hp,intel,core i5,windows
8,256,0,15.6,49490.0,lenovo,intel,core i5,windows
8,256,0,13.3,59490.0,acer,intel,core i5,windows
8,256,0,14.1,49800.0,asus,intel,core i5,windows
8,256,0,15.6,61999.0,lenovo,intel,core i5,windows
8,512,0,15.6,54990.0,hp,intel,core i5,windows
8,512,0,15.6,53990.0,hp,intel,core i5,windows
8,512,0,14.0,52990.0,lenovo,intel,core i5,windows
16,512,0,14.0,67990.0,hp,intel,core i5,windows
8,512,0,15.6,57990.0,asus,intel,core i5,windows
16,512,0,15.6,62300.0,lenovo,intel,core i5,windows
8,512,0,15.6,52990.0,lenovo,intel,core i5,windows
8,512,0,15.6,51990.0,lenovo,intel,core i5,windows
16,512,0,14.0,61990.0,lenovo,intel,core i5,windows
8,512,0,14.0,63990.0,asus,intel,core i5,windows
8,512,0,15.6,65990.0,lenovo,intel,core i5,windows
8,512,0,15.6,52990.0,acer,intel,core i5,windows
8,512,0,15.6,49990.0,lenovo,intel,core i5,windows
8,512,0,17.3,71990.0,asus,intel,core i5,windows
8,512,0,15.6,47990.0,asus,intel,core i5,windows
8,512,0,15.6,48490.0,lenovo,intel,core i5,windows
8,512,0,17.3,72990.0,asus,intel,core i5,windows
16,512,0,15.6,76990.0,msi,intel,core i5,windows
16,512,0,15.6,89990.0,asus,intel,core i5,windows
8,512,0,15.6,59990.0,msi,intel,core i5,windows
8,512,0,15.6,65990.0,asus,intel,core i5,windows
8,512,0,14.0,71990.0,dell,intel,core i5,windows
8,512,0,14.0,71890.0,dell,intel,core i5,windows
16,512,0,15.6,64990.0,lenovo,intel,core i5,windows
16,512,0,14.0,65990.0,asus,intel,core i5,windows
8,512,0,15.6,55999.0,hp,intel,core i5,windows
16,512,0,14.0,73490.0,asus,intel,core i5,windows
16,512,0,14.0,74490.0,hp,intel,core i5,windows
8,512,0,14.0,58340.0,hp,intel,core i5,windows
8,512,0,14.0,55999.0,acer,intel,core i5,windows
16,512,0,14.0,67990.0,dell,intel,core i5,windows
16,512,0,14.0,59990.0,asus,intel,core i5,windows
16,512,0,15.6,82990.0,asus,intel,core i5,windows
8,512,0,14.0,64190.0,dell,intel,core i5,windows
16,512,0,14.0,70090.0,dell,intel,core i5,windows
8,512,0,15.6,49990.0,asus,intel,core i5,windows
8,512,0,14.0,55490.0,msi,intel,core i5,windows
8,512,0,13.3,97990.0,hp,intel,core i5,windows
8,512,0,15.6,54990.0,asus,intel,core i5,windows
8,512,0,15.0,59990.0,lenovo,intel,core i5,windows
8,512,0,15.6,53990.0,lenovo,intel,core i5,windows
16,512,0,14.0,66999.0,hp,intel,core i5,windows
8,512,0,14.0,60990.0,acer,intel,core i5,windows
8,512,0,14.0,59999.0,hp,intel,core i5,windows
16,512,0,15.6,79990.0,dell,intel,core i5,windows
8,512,0,15.6,63990.0,asus,intel,core i5,windows
8,512,0,15.6,63990.0,hp,intel,core i5,windows
8,512,0,14.0,55990.0,lenovo,intel,core i5,windows
16,512,0,14.0,69490.0,dell,intel,core i5,windows
16,512,0,14.0,89390.0,dell,intel,core i5,windows
8,512,0,13.3,74990.0,asus,intel,core i5,windows
8,512,0,14.0,64990.0,lenovo,intel,core i5,windows
8,512,0,15.6,66490.0,lenovo,intel,core i5,windows
16,512,0,15.6,89702.0,dell,intel,core i5,windows
16,512,0,15.6,70990.0,lenovo,intel,core i5,windows
16,512,0,17.3,58990.0,asus,intel,core i5,windows
8,512,0,15.6,57500.0,lenovo,intel,core i5,windows
8,512,0,14.0,79990.0,dell,intel,core i5,windows
8,512,0,14.0,56541.0,msi,intel,core i5,windows
16,512,0,17.3,59990.0,asus,intel,core i5,windows
16,512,0,13.0,64990.0,lenovo,intel,core i5,windows
8,512,0,14.0,61290.0,dell,intel,core i5,windows
8,512,0,14.0,54990.0,lenovo,intel,core i5,windows
8,512,0,16.0,84990.0,asus,intel,core i5,windows
8,512,0,16.0,72500.0,hp,intel,core i5,windows
8,512,0,16.0,87990.0,lenovo,intel,core i5,windows
8,512,0,16.0,69490.0,dell,intel,core i5,windows
8,512,0,16.0,68990.0,lenovo,intel,core i5,windows
8,512,0,16.0,77990.0,lenovo,intel,core i5,windows
8,512,0,16.0,105990.0,asus,intel,core i5,windows
8,512,0,16.0,79990.0,msi,intel,core i5,windows
8,512,0,16.0,69990.0,lenovo,intel,core i5,windows
8,512,0,16.0,71090.0,dell,intel,core i5,windows
8,512,0,16.0,114990.0,dell,intel,core i5,windows
8,512,0,16.0,147000.0,lenovo,intel,core i5,windows
8,512,0,16.0,106490.0,hp,intel,core i5,windows
8,512,0,16.0,70990.0,lenovo,intel,core i5,windows
8,512,0,16.0,111999.0,hp,intel,core i5,windows
8,512,0,16.0,76990.0,hp,intel,core i5,windows
8,512,0,16.0,77990.0,dell,intel,core i5,windows
8,512,0,16.0,88990.0,dell,intel,core i5,windows
8,512,0,16.0,73519.0,dell,intel,core i5,windows
8,512,0,16.0,88990.0,asus,intel,core i5,windows
8,512,0,16.0,114999.0,hp,intel,core i5,windows
8,512,0,16.0,82990.0,dell,intel,core i5,windows
8,512,0,16.0,82990.0,lenovo,intel,core i5,windows
8,512,0,16.0,114990.0,asus,intel,core i5,windows
8,512,0,16.0,129999.0,hp,intel,core i5,windows
8,512,0,16.0,71290.0,dell,intel,core i5,windows
8,512,0,16.0,91999.0,lenovo,intel,core i5,windows
8,512,0,16.0,78900.0,dell,intel,core i5,windows
8,512,0,15.6,60990.0,lenovo,intel,core i5,windows
8,512,0,13.3,65556.0,avita,intel,core i5,windows
16,512,0,15.6,70190.0,dell,intel,core i5,windows
8,512,0,14.0,79590.0,dell,intel,core i5,windows
8,512,0,15.6,76990.0,asus,intel,core i5,windows
8,512,0,14.0,44990.0,avita,intel,core i5,windows
8,512,0,13.3,84990.0,asus,intel,core i5,windows
8,512,0,14.0,86999.0,lenovo,intel,core i5,windows
16,512,0,15.6,78000.0,hp,intel,core i5,windows
8,512,0,14.0,73063.0,avita,intel,core i5,windows
16,512,0,14.0,100990.0,hp,intel,core i5,windows
8,512,0,13.3,74990.0,lenovo,intel,core i5,windows
8,512,0,15.6,75990.0,asus,intel,core i5,windows
8,512,0,15.6,84086.0,lenovo,intel,core i5,windows
8,1024,0,15.6,75990.0,asus,intel,core i5,windows
8,1024,0,17.3,77990.0,asus,intel,core i5,windows
8,1024,0,15.6,77990.0,asus,intel,core i5,windows
8,1024,0,16.0,87990.0,asus,intel,core i5,windows
8,1024,0,13.3,74190.0,dell,intel,core i5,windows
8,1024,0,13.3,64990.0,lenovo,intel,core i5,windows
8,0,1024,15.6,49990.0,acer,intel,core i5,windows
8,0,1024,14.0,46990.0,acer,intel,core i5,windows
8,0,1024,14.0,48990.0,dell,intel,core i5,windows
8,0,1024,15.6,64990.0,hp,intel,core i5,windows
8,0,1024,15.6,46790.0,hp,intel,core i5,windows
4,0,1024,15.6,44599.0,hp,intel,core i5,windows
8,0,1024,15.6,72964.0,acer,intel,core i5,windows
8,0,1024,15.6,48790.0,hp,intel,core i5,windows
8,0,1024,15.6,56491.0,acer,intel,core i5,windows
8,256,1024,15.6,50990.0,asus,intel,core i5,windows
8,256,1024,15.6,55990.0,asus,intel,core i5,windows
8,256,1024,15.6,57990.0,acer,intel,core i5,windows
8,256,1024,15.6,52990.0,asus,intel,core i5,windows
8,256,1024,15.6,57990.0,dell,intel,core i5,windows
8,256,1024,15.6,56990.0,acer,intel,core i5,windows
8,256,1024,14.0,55490.0,acer,intel,core i5,windows
8,256,1024,15.6,62490.0,dell,intel,core i5,windows
16,256,1024,15.6,64990.0,asus,intel,core i5,windows
8,256,1024,15.6,59990.0,lenovo,intel,core i5,windows
8,256,1024,15.6,60190.0,asus,intel,core i5,windows
8,256,1024,15.6,54490.0,asus,intel,core i5,windows
8,256,1024,15.6,60990.0,lenovo,intel,core i5,windows
4,256,1024,14.9,55790.0,dell,intel,core i5,windows
16,256,1024,17.3,58990.0,asus,intel,core i5,windows
8,256,1024,14.0,54990.0,dell,intel,core i5,windows
8,256,1024,15.6,71990.0,hp,intel,core i5,windows
8,256,1024,15.6,69900.0,dell,intel,core i5,windows
8,256,1024,15.6,65990.0,lenovo,intel,core i5,windows
8,256,1024,15.6,71695.0,dell,intel,core i5,windows
16,256,1024,14.0,62490.0,acer,intel,core i5,windows
8,0,2048,15.6,62317.0,dell,intel,core i5,windows
8,256,0,14.0,73990.0,avita,intel,core i7,windows
16,512,0,15.6,57990.0,asus,intel,core i7,windows
8,512,0,15.6,61990.0,asus,intel,core i7,windows
16,512,0,15.6,79990.0,msi,intel,core i7,windows
8,512,0,15.6,68990.0,lenovo,intel,core i7,windows
16,512,0,14.0,85990.0,lenovo,intel,core i7,windows
16,512,0,15.6,99990.0,lenovo,intel,core i7,windows
8,512,0,14.0,77990.0,asus,intel,core i7,windows
8,512,0,15.6,79990.0,lenovo,intel,core i7,windows
16,512,0,15.6,93190.0,hp,intel,core i7,windows
16,512,0,13.3,94990.0,asus,intel,core i7,windows
16,512,0,14.0,84990.0,lenovo,intel,core i7,windows
8,512,0,14.0,57990.0,msi,intel,core i7,windows
16,512,0,13.3,102990.0,hp,intel,core i7,windows
16,512,0,16.0,99990.0,dell,intel,core i7,windows
16,512,0,16.0,94990.0,asus,intel,core i7,windows
16,512,0,16.0,104000.0,hp,intel,core i7,windows
16,512,0,16.0,90190.0,hp,intel,core i7,windows
16,512,0,16.0,88488.0,lenovo,intel,core i7,windows
16,512,0,16.0,109990.0,msi,intel,core i7,windows
16,512,0,16.0,89990.0,msi,intel,core i7,windows
16,512,0,16.0,121890.0,dell,intel,core i7,windows
16,512,0,16.0,94990.0,msi,intel,core i7,windows
16,512,0,16.0,92000.0,hp,intel,core i7,windows
16,512,0,16.0,135300.0,dell,intel,core i7,windows
16,512,0,16.0,99999.0,hp,intel,core i7,windows
16,512,0,16.0,104990.0,msi,intel,core i7,windows
16,512,0,16.0,109990.0,asus,intel,core i7,windows
16,512,0,16.0,99990.0,asus,intel,core i7,windows
16,512,0,14.0,110999.0,lenovo,intel,core i7,windows
16,512,0,15.6,99990.0,dell,intel,core i7,windows
8,512,0,13.3,81990.0,asus,intel,core i7,windows
8,512,0,15.6,66990.0,msi,intel,core i7,windows
16,1024,0,15.6,84990.0,msi,intel,core i7,windows
16,1024,0,14.0,104990.0,asus,intel,core i7,windows
16,1024,0,14.0,134990.0,asus,intel,core i7,windows
16,1024,0,15.6,98990.0,asus,intel,core i7,windows
16,1024,0,15.6,144690.0,hp,intel,core i7,windows
16,1024,0,13.3,99990.0,asus,intel,core i7,windows
16,1024,0,16.0,119990.0,msi,intel,core i7,windows
16,1024,0,16.0,124990.0,asus,intel,core i7,windows
16,1024,0,16.0,122410.0,dell,intel,core i7,windows
16,1024,0,16.0,122990.0,lenovo,intel,core i7,windows
16,1024,0,16.0,121990.0,hp,intel,core i7,windows
16,1024,0,16.0,116990.0,hp,intel,core i7,windows
16,1024,0,16.0,151098.0,lenovo,intel,core i7,windows
16,1024,0,16.0,129990.0,msi,intel,core i7,windows
16,1024,0,16.0,149999.0,hp,intel,core i7,windows
16,1024,0,16.0,139990.0,msi,intel,core i7,windows
16,1024,0,16.0,129990.0,acer,intel,core i7,windows
16,1024,0,16.0,93955.0,dell,intel,core i7,windows
16,1024,0,16.0,128500.0,hp,intel,core i7,windows
16,1024,0,16.0,102990.0,lenovo,intel,core i7,windows
16,1024,0,16.0,119990.0,asus,intel,core i7,windows
16,1024,0,16.0,120980.0,asus,intel,core i7,windows
16,1024,0,16.0,131500.0,asus,intel,core i7,windows
16,1024,0,16.0,119990.0,lenovo,intel,core i7,windows
16,1024,0,14.0,62990.0,avita,intel,core i7,windows
16,1024,0,13.0,85990.0,lenovo,intel,core i7,windows
16,1024,0,13.3,94990.0,hp,intel,core i7,windows
16,1024,0,16.1,136990.0,hp,intel,core i7,windows
8,256,1024,15.6,63990.0,msi,intel,core i7,windows
16,256,1024,15.6,66990.0,asus,intel,core i7,windows
16,256,1024,16.0,119990.0,acer,intel,core i7,windows
16,512,1024,15.6,92990.0,acer,intel,core i7,windows
16,512,1024,15.6,119990.0,acer,intel,core i7,windows
16,1024,0,15.6,139990.0,acer,intel,core i9,windows
16,1024,0,15.6,139990.0,asus,intel,core i9,windows
8,0,512,15.6,75500.0,dell,intel,geforce gtx,dos
16,512,0,15.6,76990.0,msi,intel,hexa core,windows
8,256,1024,15.6,55990.0,msi,intel,hexa core,windows
8,256,0,13.3,85990.0,apple,m1,m1,mac
8,256,0,13.3,112990.0,apple,m1,m1,mac
16,256,0,13.3,104990.0,apple,m1,m1,mac
16,256,0,13.3,132990.0,apple,m1,m1,mac
16,512,0,13.3,149990.0,apple,m1,m1,mac
8,512,0,13.3,125990.0,apple,m1,m1,mac
8,512,0,13.3,103990.0,apple,m1,m1,mac
8,512,0,13.3,101990.0,apple,m1,m1,mac
8,512,0,13.3,104990.0,apple,m1,m1,mac
8,512,0,13.3,131990.0,apple,m1,m1,mac
16,512,0,13.3,128990.0,apple,m1,m1,mac
4,512,0,16.0,124990.0,apple,m1,m1,mac
8,1024,0,13.3,149990.0,apple,m1,m1,mac
8,256,0,13.3,62990.0,asus,intel,pentium quad,windows
8,256,0,14.0,32990.0,hp,intel,pentium quad,windows
4,256,0,15.6,35990.0,dell,intel,pentium quad,windows
4,0,1024,15.6,27990.0,asus,intel,pentium quad,windows
4,0,1024,15.6,25990.0,asus,intel,pentium quad,windows
4,0,1024,15.6,30780.0,asus,intel,pentium quad,windows
4,256,0,14.0,29990.0,asus,intel,pentium silver,windows
8,256,0,15.6,37990.0,hp,amd,ryzen 3,windows
8,256,0,15.6,35990.0,asus,amd,ryzen 3,windows
8,256,0,15.6,39490.0,dell,amd,ryzen 3,windows
8,256,0,14.96,36990.0,dell,amd,ryzen 3,windows
8,256,0,15.6,39990.0,dell,amd,ryzen 3,windows
4,256,0,15.6,33690.0,asus,amd,ryzen 3,windows
8,256,0,15.6,40590.0,dell,amd,ryzen 3,windows
8,512,0,15.6,36990.0,acer,amd,ryzen 3,windows
8,512,0,14.0,43490.0,hp,amd,ryzen 3,windows
8,512,0,15.6,41490.0,hp,amd,ryzen 3,windows
4,512,0,15.6,34990.0,acer,amd,ryzen 3,windows
8,512,0,15.6,42090.0,dell,amd,ryzen 3,windows
8,0,1024,14.0,35990.0,dell,amd,ryzen 3,windows
8,0,1024,15.6,39490.0,hp,amd,ryzen 3,windows
8,0,1024,15.6,37390.0,dell,amd,ryzen 3,windows
4,0,1024,15.6,32917.0,hp,amd,ryzen 3,windows
4,0,1024,15.6,34990.0,lenovo,amd,ryzen 3,windows
8,0,1024,14.96,39990.0,dell,amd,ryzen 3,windows
8,256,1024,15.6,41999.0,hp,amd,ryzen 3,windows
8,256,0,14.0,41990.0,dell,amd,ryzen 5,windows
8,256,0,15.6,44490.0,dell,amd,ryzen 5,windows
8,256,0,15.6,41990.0,dell,amd,ryzen 5,windows
8,256,0,14.0,44490.0,dell,amd,ryzen 5,windows
8,512,0,15.6,57990.0,hp,amd,ryzen 5,windows
8,512,0,15.6,56990.0,lenovo,amd,ryzen 5,windows
8,512,0,15.6,48990.0,lenovo,amd,ryzen 5,windows
8,512,0,14.0,49970.0,hp,amd,ryzen 5,windows
8,512,0,14.0,47990.0,msi,amd,ryzen 5,windows
8,512,0,15.6,48990.0,hp,amd,ryzen 5,windows
8,512,0,14.0,53990.0,acer,amd,ryzen 5,windows
8,512,0,15.6,52990.0,lenovo,amd,ryzen 5,windows
8,512,0,15.6,43990.0,acer,amd,ryzen 5,windows
8,512,0,15.6,59490.0,lenovo,amd,ryzen 5,windows
8,512,0,15.6,64990.0,msi,amd,ryzen 5,windows
8,512,0,14.0,47490.0,dell,amd,ryzen 5,windows
8,512,0,15.6,59990.0,hp,amd,ryzen 5,windows
8,512,0,15.6,69990.0,lenovo,amd,ryzen 5,windows
8,512,0,15.6,58990.0,hp,amd,ryzen 5,windows
8,512,0,14.0,59490.0,dell,amd,ryzen 5,windows
16,512,0,15.6,67500.0,hp,amd,ryzen 5,windows
8,512,0,14.0,62450.0,asus,amd,ryzen 5,windows
8,512,0,14.0,58990.0,asus,amd,ryzen 5,windows
8,512,0,15.6,57999.0,hp,amd,ryzen 5,windows
16,512,0,15.6,56990.0,asus,amd,ryzen 5,windows
8,512,0,15.6,72990.0,hp,amd,ryzen 5,windows
16,512,0,13.3,65990.0,hp,amd,ryzen 5,windows
16,512,0,13.3,98020.0,hp,amd,ryzen 5,windows
16,512,0,14.0,63990.0,hp,amd,ryzen 5,windows
8,512,0,15.6,49890.0,asus,amd,ryzen 5,windows
8,512,0,15.6,49990.0,dell,amd,ryzen 5,windows
8,512,0,13.3,73999.0,hp,amd,ryzen 5,windows
4,512,0,16.0,74798.0,lenovo,amd,ryzen 5,windows
4,512,0,16.0,77990.0,lenovo,amd,ryzen 5,windows
4,512,0,16.0,91990.0,asus,amd,ryzen 5,windows
4,512,0,16.0,84208.0,hp,amd,ryzen 5,windows
4,512,0,16.0,80990.0,asus,amd,ryzen 5,windows
8,512,0,15.6,51890.0,hp,amd,ryzen 5,windows
16,512,0,17.3,78000.0,asus,amd,ryzen 5,windows
16,512,0,14.0,59999.0,hp,amd,ryzen 5,windows
8,512,0,15.6,64990.0,hp,amd,ryzen 5,windows
4,1024,0,16.0,81978.0,lenovo,amd,ryzen 5,windows
8,256,1024,15.6,49490.0,dell,amd,ryzen 5,windows
8,256,1024,15.6,54990.0,asus,amd,ryzen 5,windows
8,256,1024,15.6,68500.0,lenovo,amd,ryzen 5,windows
8,256,1024,15.6,63990.0,lenovo,amd,ryzen 5,windows
16,512,0,17.3,76990.0,asus,amd,ryzen 7,windows
16,512,0,14.0,79990.0,asus,amd,ryzen 7,windows
8,512,0,15.6,71990.0,asus,amd,ryzen 7,windows
16,512,0,15.6,99990.0,lenovo,amd,ryzen 7,windows
16,512,0,15.6,93990.0,dell,amd,ryzen 7,windows
16,512,0,17.3,82990.0,asus,amd,ryzen 7,windows
4,512,0,16.0,106990.0,asus,amd,ryzen 7,windows
4,512,0,16.0,92990.0,asus,amd,ryzen 7,windows
4,512,0,16.0,81490.0,lenovo,intel,ryzen 7,windows
4,512,0,16.0,56990.0,asus,amd,ryzen 7,windows
4,512,0,16.0,84988.0,lenovo,amd,ryzen 7,windows
4,512,0,16.0,90990.0,hp,amd,ryzen 7,windows
4,512,0,16.0,78990.0,lenovo,amd,ryzen 7,windows
4,512,0,16.0,111990.0,asus,amd,ryzen 7,windows
4,512,0,16.0,109000.0,hp,amd,ryzen 7,windows
4,512,0,16.0,89990.0,dell,amd,ryzen 7,windows
4,512,0,16.0,78988.0,lenovo,amd,ryzen 7,windows
4,512,0,16.0,73138.0,lenovo,amd,ryzen 7,windows
4,512,0,16.0,106990.0,lenovo,amd,ryzen 7,windows
4,512,0,16.0,89570.0,dell,amd,ryzen 7,windows
16,512,0,14.0,73400.0,lenovo,amd,ryzen 7,windows
16,512,0,14.0,79990.0,hp,amd,ryzen 7,windows
16,512,0,15.6,84990.0,hp,amd,ryzen 7,windows
16,1024,0,15.6,99990.0,msi,amd,ryzen 7,windows
8,1024,0,14.0,72990.0,asus,amd,ryzen 7,windows
16,1024,0,13.3,92990.0,hp,amd,ryzen 7,windows
16,1024,0,13.3,84190.0,hp,amd,ryzen 7,windows
16,1024,0,14.0,112990.0,asus,amd,ryzen 7,windows
4,1024,0,16.0,114990.0,asus,amd,ryzen 7,windows
4,1024,0,16.0,99990.0,acer,amd,ryzen 7,windows
4,1024,0,16.0,130990.0,lenovo,amd,ryzen 7,windows
4,1024,0,16.0,99990.0,asus,amd,ryzen 7,windows
4,1024,0,16.0,112990.0,asus,amd,ryzen 7,windows
4,1024,0,16.0,77988.0,lenovo,amd,ryzen 7,windows
16,1024,0,13.3,84970.0,asus,amd,ryzen 7,windows
16,256,1024,15.6,75990.0,hp,amd,ryzen 7,windows
16,256,1024,15.6,89990.0,acer,amd,ryzen 7,windows
16,256,1024,15.6,81990.0,acer,amd,ryzen 7,windows
4,512,1024,16.0,80490.0,lenovo,amd,ryzen 7,windows
16,1024,0,15.6,135990.0,asus,amd,ryzen 9,windows
16,1024,0,15.6,114990.0,asus,amd,ryzen 9,windows
16,1024,0,15.6,129990.0,asus,amd,ryzen 9,windows
16,1024,0,13.4,114990.0,asus,amd,ryzen 9,windows
4,1024,0,16.0,146990.0,msi,amd,ryzen 9,windows
4,1024,0,16.0,104990.0,asus,amd,ryzen 9,windows
4,1024,0,16.0,114990.0,asus,amd,ryzen 9,windows
4,1024,0,16.0,124990.0,asus,amd,ryzen 9,windows
4,1024,0,16.0,134990.0,asus,amd,ryzen 9,windows
4,1024,0,16.0,141990.0,hp,amd,ryzen 9,windows
4,1024,0,16.0,129990.0,asus,amd,ryzen 9,windows
4,1024,0,16.0,121990.0,asus,amd,ryzen 9,windows
4,1024,0,16.0,141990.0,asus,amd,ryzen 9,windows
4,1024,0,16.0,130500.0,asus,amd,ryzen 9,windows
4,1024,0,16.0,138990.0,asus,amd,ryzen 9,windows
4,1024,0,16.0,135990.0,asus,amd,ryzen 9,windows
4,1024,0,16.0,144990.0,asus,amd,ryzen 9,windows
4,1024,0,16.0,142990.0,asus,amd,ryzen 9,windows
8,512,0,14.0,57490.0,lenovo,amd,ryzen 5,dos
8,128,0,13.3,71378.6832,apple,intel,core i5,mac
8,128,0,13.3,47895.5232,apple,intel,core i5,mac
8,256,0,15.6,30636.0,hp,intel,core i5,no os
16,512,0,15.4,135195.336,apple,intel,core i7,mac
8,256,0,13.3,96095.808,apple,intel,core i5,mac
16,256,0,15.4,114017.6016,apple,intel,core i7,mac
8,256,0,13.3,61735.536,apple,intel,core i5,mac
16,512,0,14.0,79653.6,asus,intel,core i7,windows
8,256,0,14.0,41025.6,acer,intel,core i5,windows
4,0,500,15.6,20986.992,hp,intel,core i5,no os
4,0,500,15.6,18381.0672,hp,intel,core i3,no os
16,256,0,15.4,130001.6016,apple,intel,core i7,mac
4,256,0,15.6,26581.392,dell,intel,core i3,windows
8,256,0,12.0,67260.672,apple,intel,core,mac
8,256,0,13.3,80908.344,apple,intel,core i5,mac
8,256,0,15.6,39693.6,dell,intel,core i7,windows
8,0,1024,15.6,26586.72,lenovo,intel,core i3,no os
8,128,0,13.3,52161.12,dell,intel,core i5,windows
8,128,1024,15.6,53226.72,lenovo,intel,core i5,windows
8,256,0,13.3,43636.32,dell,intel,core i5,windows
8,256,0,15.6,35111.52,hp,intel,core i7,windows
4,0,1024,15.6,22305.1392,dell,intel,core i3,windows
8,128,0,13.3,58554.72,apple,intel,core i5,mac
8,256,0,15.6,42624.0,dell,intel,core i5,windows
8,512,0,15.6,69157.44,dell,intel,core i7,windows
8,0,1024,17.3,47738.88,hp,intel,core i5,windows
16,512,0,13.3,99580.32,dell,intel,core i7,windows
8,256,0,13.3,53173.44,apple,intel,core i5,mac
4,64,0,14.0,13266.72,lenovo,intel,core,windows
4,0,1024,15.6,19553.76,acer,intel,core i3,linux
8,128,1024,17.3,52161.12,dell,intel,core i5,windows
4,0,1024,15.6,26037.4032,hp,intel,core i5,windows
8,256,0,15.6,46833.12,hp,intel,core i5,windows
4,0,1024,15.6,20725.92,asus,intel,core i3,linux
16,256,1024,15.6,79866.72,dell,intel,core i7,windows
8,0,1024,15.6,27864.9072,asus,intel,core i5,linux
4,256,0,15.6,36336.96,acer,intel,core i5,windows
12,0,1024,17.3,53226.72,dell,intel,core i5,windows
8,256,0,13.3,75604.32,apple,intel,core i5,mac
8,256,1024,17.3,69210.72,asus,amd,ryzen 1700,windows
4,256,0,15.6,34045.92,dell,intel,core i5,windows
4,0,1024,17.3,24828.48,asus,intel,core,windows
8,256,0,15.6,44808.48,acer,intel,core i7,windows
8,512,0,13.3,58767.84,hp,intel,core i7,windows
4,0,1024,15.6,20459.52,acer,intel,core i3,windows
8,256,0,15.6,40908.384,dell,intel,core i7,windows
4,128,0,15.6,23389.92,hp,intel,core i3,windows
4,256,0,15.6,31232.2032,asus,intel,core i5,windows
16,256,2048,17.3,130482.72,msi,intel,core i7,windows
4,256,0,15.6,22111.2,asus,intel,core i3,linux
16,256,2048,17.3,69210.72,dell,intel,core i7,windows
8,256,0,14.0,46833.12,dell,intel,core i5,windows
8,256,0,14.0,31914.72,lenovo,intel,core i3,no os
8,256,0,14.0,50136.48,asus,intel,core i5,windows
8,256,0,15.6,36763.2,hp,intel,core i5,windows
16,512,0,15.6,105654.24,asus,intel,core i7,windows
4,0,500,15.6,23373.4032,hp,intel,core i3,windows
4,32,0,14.0,12201.12,hp,intel,core,windows
4,0,1024,15.6,29250.72,lenovo,intel,core i5,windows
12,0,1024,17.3,50562.72,asus,intel,core i7,linux
4,128,0,13.5,58021.92,microsoft,intel,core i5,windows s
64,256,0,13.3,50882.4,dell,intel,core i7,windows
8,256,0,15.6,46353.6,dell,intel,core i7,windows
8,128,1024,17.3,58341.6,msi,intel,core i5,windows
8,0,1024,14.0,20725.92,acer,intel,core i3,windows
8,0,1024,15.6,50562.72,asus,intel,core i7,windows
8,0,2048,15.6,27652.32,lenovo,intel,core i5,no os
8,128,1024,15.6,45554.4,dell,intel,core i7,windows
4,0,1024,15.6,28238.4,acer,intel,core i3,windows
8,128,1024,17.3,52054.56,hp,intel,core i5,windows
8,256,0,15.6,58403.4048,dell,intel,core i5,windows
8,512,0,12.0,80452.8,apple,intel,core i5,mac
8,256,0,14.0,45820.8,hp,intel,core i5,windows
16,128,1024,15.6,71874.72,dell,intel,core i7,windows
8,256,0,15.6,37242.72,hp,intel,core i7,windows
8,256,0,15.6,31914.1872,hp,intel,core i5,windows
16,128,1024,15.6,77202.72,asus,intel,core i7,windows
8,256,0,13.3,87858.72,dell,intel,core i7,windows
2,0,1024,15.6,36709.92,acer,intel,core i7,windows
16,512,0,13.3,63776.16,hp,intel,core i7,windows
8,256,0,15.6,63669.6,dell,intel,core i5,windows
8,256,0,14.0,55890.72,asus,intel,core i7,windows
8,256,0,13.3,45128.16,acer,intel,core i5,windows
8,0,1024,15.6,31962.672,dell,intel,core i7,linux
4,256,0,15.6,25840.8,dell,intel,core i3,linux
6,256,0,15.6,30742.56,asus,intel,core i3,windows
12,128,1024,15.6,66546.72,hp,intel,core i7,windows
8,256,0,15.6,38308.32,hp,intel,core i7,windows
8,0,1024,15.6,34472.16,dell,intel,core i5,linux
8,256,0,13.3,59620.32,hp,intel,core i7,windows
8,256,0,13.5,71395.2,microsoft,intel,core i5,windows s
6,256,0,14.0,35111.52,hp,intel,core i5,windows
4,0,1024,15.6,22105.872,lenovo,intel,core i3,windows
8,256,0,14.0,63563.04,asus,intel,core i7,windows
16,256,1024,15.6,69210.72,msi,intel,core i7,windows
8,256,0,14.0,78854.4,lenovo,intel,core i7,windows
16,256,1024,15.6,67239.36,asus,intel,core i7,windows
8,256,0,13.3,73473.12,dell,intel,core i7,windows
8,256,0,13.3,74538.72,lenovo,intel,core i5,windows
4,0,500,14.0,38468.16,hp,intel,core i5,windows
8,256,0,13.3,86793.12,dell,intel,core i5,windows
8,512,0,14.0,57755.52,hp,intel,core i7,windows
8,256,1024,15.6,60223.9824,dell,intel,core i7,windows
4,0,1024,17.3,30049.92,asus,intel,core i3,windows
8,256,0,15.6,59567.04,asus,intel,core i7,windows
6,0,1024,15.6,25521.12,acer,intel,core i3,windows
16,256,2048,15.6,119427.12,msi,intel,core i7,windows
8,256,0,15.6,33513.12,lenovo,intel,core i5,no os
16,512,0,17.3,67718.88,hp,intel,core i7,windows
8,0,1024,14.0,43263.36,hp,intel,core i5,windows
16,256,2048,17.3,74378.88,dell,intel,core i7,windows
8,256,0,17.3,49443.84,hp,intel,core i5,windows
8,0,1024,15.6,34045.3872,dell,intel,core i5,windows
4,0,1024,15.6,23922.72,dell,intel,core i3,windows
8,256,0,14.0,47099.52,acer,intel,core i7,windows
4,256,0,15.6,30476.16,acer,intel,core i3,windows
8,0,1024,15.6,31861.44,hp,intel,core i7,windows
8,256,0,14.0,52640.64,hp,intel,core i7,windows
4,0,1024,15.6,13445.7408,lenovo,intel,core,no os
8,128,1024,17.3,49976.64,asus,intel,core i5,windows
4,0,1024,15.6,26586.72,lenovo,intel,core i5,no os
4,256,0,13.3,37242.72,hp,intel,core i5,windows
4,0,1024,17.3,34898.4,acer,intel,core i3,windows
8,256,0,14.0,59461.5456,lenovo,intel,core i5,windows
8,256,0,15.6,46300.32,lenovo,intel,core i7,no os
4,0,500,15.6,32074.56,toshiba,intel,core i5,windows
8,256,0,14.0,58554.72,asus,intel,core i7,windows
8,512,0,12.5,107305.92,hp,intel,core,windows
4,0,1024,15.6,18328.32,asus,intel,core,windows
4,0,1024,15.6,23816.16,acer,intel,core i3,windows
16,512,0,15.6,66560.5728,dell,intel,core i7,windows
8,1024,0,15.6,47898.72,dell,intel,core i7,windows
4,128,0,15.6,26533.44,lenovo,intel,core i5,windows
16,256,1024,17.3,100699.2,msi,intel,core i7,windows
4,256,0,14.0,57648.96,hp,intel,core i5,windows
6,256,0,15.6,32980.32,hp,intel,core i5,windows
4,256,0,14.0,33513.12,lenovo,intel,core i3,windows
8,256,0,13.3,70063.2,asus,intel,core i5,windows
8,256,0,15.6,55890.72,dell,intel,core i7,windows
4,0,500,15.6,23816.16,toshiba,intel,core i3,windows
4,256,0,17.3,42890.4,acer,intel,core i5,windows
8,256,0,15.6,38787.84,dell,intel,core i5,windows
16,256,0,15.6,57489.12,lenovo,intel,core i7,windows
4,0,1024,15.6,18541.44,acer,intel,core,windows
16,256,1024,15.6,95850.72,msi,intel,core i7,windows
4,0,1024,15.6,19367.8128,acer,intel,core,windows
8,128,1024,15.6,56502.9072,dell,intel,core i7,windows
8,256,0,17.3,45501.12,acer,intel,core i5,windows
4,0,500,13.3,40173.12,hp,intel,core i5,windows
6,0,2048,17.3,37242.72,hp,intel,core i5,windows
4,0,500,15.6,26053.92,toshiba,intel,core i3,windows
8,256,0,17.3,49177.44,hp,intel,core i5,windows
8,0,1024,15.6,24455.52,dell,intel,core i3,windows
4,128,0,15.6,23922.72,acer,intel,core i3,windows
32,512,1024,18.4,149130.72,msi,intel,core i7,windows
8,128,1024,15.6,43316.64,lenovo,intel,core i5,windows
8,256,0,13.3,79866.72,hp,intel,core i5,windows
16,256,2048,15.6,55890.72,dell,intel,core i7,linux
8,256,0,13.3,74538.72,dell,intel,core i5,windows
16,512,0,13.9,98514.72,lenovo,intel,core i7,windows
8,128,0,15.6,42251.04,toshiba,intel,core i5,windows
16,512,0,17.3,82530.72,dell,intel,core i7,windows
16,512,0,15.6,127712.16,dell,intel,core i7,windows
8,256,0,15.6,41505.12,lenovo,intel,core i5,no os
8,256,0,13.3,52693.92,acer,intel,core i5,windows
8,128,1024,17.3,57808.8,dell,intel,core i7,windows
8,256,0,17.3,37189.44,lenovo,intel,core i5,no os
8,0,1024,13.3,44701.92,dell,intel,core i7,windows
8,0,1024,17.3,48697.92,hp,intel,core i5,windows
8,512,0,13.3,51095.52,hp,intel,core i5,windows
16,256,1024,17.3,73473.12,hp,intel,core i7,windows
8,256,0,17.3,55677.6,hp,intel,core i7,windows
16,512,1024,15.6,98301.6,dell,intel,core i7,windows
4,128,0,15.6,26267.04,lenovo,intel,core i5,windows
8,0,1024,15.6,39533.76,acer,intel,core i7,windows
16,512,1024,15.6,93186.72,lenovo,intel,core i7,windows
16,512,0,15.6,74485.44,lenovo,intel,core i7,no os
6,0,1024,15.6,23389.92,dell,intel,core i3,windows
8,256,0,13.3,103842.72,dell,intel,core i7,windows
8,256,0,13.3,77202.72,dell,intel,core i7,windows
8,0,1024,15.6,41505.12,acer,intel,core i7,linux
16,256,1024,17.3,74964.96,asus,intel,core i7,windows
4,0,500,15.6,18594.72,hp,intel,core i3,no os
8,256,0,15.6,29250.72,lenovo,intel,core i5,no os
8,256,0,13.3,49650.5664,dell,intel,core i7,windows
8,0,1024,17.3,31381.92,lenovo,intel,core i5,no os
8,256,0,14.0,54931.68,hp,intel,core i7,windows
8,256,0,14.0,61218.72,dell,intel,core i5,windows
16,512,0,13.3,68145.12,dell,intel,core i7,windows
8,256,0,15.6,36089.208,dell,intel,core i5,linux
8,256,0,14.0,47898.72,lenovo,intel,core i5,windows
8,256,0,13.3,72620.64,toshiba,intel,core i7,windows
8,0,1024,15.6,42304.32,hp,intel,core i5,windows
16,256,1024,17.3,130873.7952,dell,intel,core i7,windows
8,256,0,15.6,44328.96,acer,intel,core i7,windows
16,0,1024,15.6,45768.0528,dell,intel,core i7,windows
8,256,0,15.6,40972.32,asus,intel,core i5,windows
8,256,500,17.3,47472.48,asus,intel,core i5,windows
8,0,1024,15.6,67612.32,hp,intel,core i7,windows
4,0,1024,15.6,21258.1872,asus,intel,core i3,windows
16,256,1024,15.6,79866.72,lenovo,intel,core i7,windows
8,256,0,14.0,45767.52,dell,intel,core i5,windows
8,256,0,13.3,36709.92,acer,intel,core i5,windows
16,256,0,15.6,47898.72,dell,intel,core i7,linux
4,0,1024,15.6,20779.2,acer,intel,core i3,linux
8,256,0,15.6,45074.88,acer,intel,core i5,windows
8,128,0,15.6,31381.92,lenovo,intel,core i3,windows
8,128,1024,17.3,61005.6,asus,intel,core i7,windows
8,128,1024,17.3,47365.92,asus,intel,core i7,no os
8,256,0,15.6,46833.12,dell,intel,core i5,windows
8,256,0,13.9,57489.12,lenovo,intel,core i7,windows
8,128,2048,15.6,52480.8,dell,intel,core i7,windows
8,0,1024,15.6,29783.52,hp,intel,core i5,windows
4,0,500,13.3,35964.0,hp,intel,core i5,windows
8,512,0,13.3,108691.2,apple,intel,core i5,mac
8,0,1024,15.6,43636.32,dell,intel,core i7,windows
16,256,1024,17.3,95850.72,asus,intel,core i7,windows
8,512,0,13.9,98514.72,lenovo,intel,core i7,windows
4,256,0,17.3,37402.56,acer,intel,core i3,windows
8,256,0,13.3,50562.72,dell,intel,core i5,windows
16,0,1024,17.3,56423.52,hp,intel,core i7,windows
16,512,1024,17.3,133146.72,msi,intel,core i7,windows
8,512,0,15.6,90522.72,lenovo,intel,core i7,windows
8,128,1024,17.3,60845.76,dell,intel,core i7,windows
4,256,0,15.6,23656.32,lenovo,intel,core i3,no os
4,0,500,15.6,38468.16,hp,intel,core i5,windows
4,0,1024,15.6,35004.96,dell,intel,core i5,windows
8,0,1024,15.6,30103.2,dell,intel,core i5,windows
8,256,0,15.6,42570.72,dell,intel,core i5,windows
8,1024,0,13.3,79866.72,asus,intel,core i7,windows
8,0,1024,17.3,54239.04,hp,intel,core i7,windows
8,256,0,15.6,46886.4,lenovo,intel,core i7,windows
8,512,0,13.3,104370.192,apple,intel,core i5,mac
16,256,1024,17.3,82530.72,asus,amd,ryzen 1700,windows
8,256,0,15.6,39164.5296,dell,intel,core i7,linux
16,512,0,14.0,133146.72,lenovo,intel,core i7,windows
8,0,500,15.6,43263.36,toshiba,intel,core i7,windows
12,0,1024,15.6,37992.3696,dell,intel,core i7,windows
8,128,1024,17.3,58554.72,dell,intel,core i7,linux
8,0,1024,15.6,39693.6,acer,intel,core i7,windows
4,0,1024,17.3,26053.92,lenovo,intel,core i3,windows
8,0,2048,17.3,45234.72,lenovo,intel,core i7,no os
6,128,1024,17.3,45767.52,lenovo,intel,core i7,windows
4,0,1024,15.6,22803.84,dell,intel,core i3,linux
8,256,0,15.6,44169.12,lenovo,intel,core i5,windows
6,256,0,15.6,30849.12,lenovo,intel,core i5,windows
8,256,0,15.6,50669.28,acer,intel,core i7,windows
12,0,1024,15.6,35111.52,acer,intel,core i7,windows
8,256,0,15.6,58448.16,lenovo,intel,core i7,windows
8,256,0,15.6,52054.56,asus,intel,core i5,windows
16,256,1024,15.6,62817.12,lenovo,intel,core i7,windows
8,0,1024,15.6,35112.0528,lenovo,intel,core i7,no os
2,16,0,15.6,10602.72,acer,intel,core,chrome os
8,0,1024,17.3,63243.36,asus,intel,core i7,windows
8,0,1024,17.3,26053.92,hp,intel,core i3,windows
8,256,0,15.6,97449.12,dell,intel,core i7,windows
8,256,0,15.6,39373.92,lenovo,intel,core i5,windows
8,0,1024,15.6,69210.72,lenovo,intel,core i7,windows
8,256,0,15.6,52161.12,acer,intel,core i7,linux
16,512,0,15.6,78215.04,asus,intel,core i7,windows
4,128,0,14.0,27119.52,asus,intel,core i3,windows
16,256,1024,17.3,113060.16,asus,intel,core i7,windows
6,0,1024,17.3,34578.72,lenovo,intel,core i5,windows
8,0,2048,15.6,29250.72,lenovo,intel,core i5,no os
8,128,1024,15.6,67399.2,asus,intel,core i7,windows
4,0,1024,15.6,19180.2672,lenovo,intel,core,no os
16,256,0,13.3,105228.0,hp,intel,core i7,windows
8,256,0,15.6,55571.04,toshiba,intel,core i7,windows
8,128,1024,15.6,43636.32,lenovo,intel,core i5,windows
4,0,1024,15.6,24988.32,hp,intel,core i3,windows
8,256,0,13.3,53226.72,lenovo,intel,core i5,windows
16,1024,0,13.3,133146.72,dell,intel,core i7,windows
16,256,1024,15.6,111834.72,msi,intel,core i7,windows
2,32,0,11.6,14652.0,asus,intel,core,windows
8,128,1024,15.6,44968.32,dell,intel,core i5,windows
16,1024,0,13.3,130482.72,hp,intel,core i7,windows
4,16,0,13.3,24503.472,lenovo,intel,core,chrome os
8,256,0,14.0,52214.4,hp,intel,core i5,windows
4,128,0,11.6,25840.8,acer,intel,core,windows
8,256,0,14.0,68837.76,hp,intel,core i7,windows
4,0,1024,17.3,31381.92,lenovo,intel,core i5,windows
8,256,0,14.0,58288.32,asus,intel,core i7,windows
8,0,1024,15.6,48058.56,hp,intel,core i7,windows
4,32,0,14.0,15557.76,lenovo,intel,core,windows
6,0,1024,15.6,29250.72,acer,intel,core i5,windows
8,256,0,15.6,55938.672,asus,intel,core i7,windows
8,256,0,12.5,71128.8,hp,intel,core i7,windows
32,1024,0,15.6,140605.92,dell,intel,core i7,windows
8,256,1024,17.3,63882.72,msi,intel,core i7,windows
8,256,0,15.6,50243.04,toshiba,intel,core i5,windows
8,256,1024,14.0,71075.52,asus,intel,core i7,windows
4,0,1024,15.6,23922.72,lenovo,intel,core i3,windows
8,256,0,15.6,53226.72,asus,intel,core i7,windows
8,256,0,14.0,67559.04,hp,intel,core i5,windows
8,256,0,15.6,60952.32,hp,intel,core i5,windows
4,0,1024,15.6,14651.4672,asus,intel,core,linux
8,256,0,15.6,60885.72,dell,intel,core i5,windows
4,0,500,15.6,14646.672,dell,intel,core,linux
8,0,1024,15.6,38148.48,hp,intel,core i3,windows
16,512,0,13.9,111834.72,lenovo,intel,core i7,windows
8,256,0,13.3,84129.12,dell,intel,core i7,windows
16,256,2048,15.6,60153.12,lenovo,intel,core i7,windows
2,32,0,14.0,14865.12,hp,intel,core,windows
16,768,0,15.6,85672.1088,dell,intel,core i7,windows
4,32,0,11.6,19980.0,asus,intel,core,windows
8,0,1024,15.6,35324.64,dell,intel,core i5,windows
8,256,0,15.6,69477.12,hp,intel,core i7,windows
8,128,1024,17.3,75071.52,msi,intel,core i7,windows
8,256,0,15.6,92615.0256,hp,intel,core i7,windows
16,512,0,15.6,74751.84,toshiba,intel,core i7,windows
8,128,2048,15.6,51729.552,dell,intel,core i7,windows
4,0,1024,15.6,17155.6272,lenovo,intel,core,no os
8,0,1024,15.6,53226.72,dell,intel,core i5,windows
8,0,2048,15.6,29696.6736,dell,intel,core i5,windows
8,256,0,14.0,76030.56,dell,intel,core i5,windows
4,0,500,15.6,23389.92,hp,intel,core i3,windows
8,256,0,14.0,50349.6,asus,intel,core i5,windows
6,128,1024,17.3,38308.32,lenovo,intel,core i5,windows
8,0,1024,15.6,34045.92,hp,intel,core i5,windows
8,256,0,15.6,26586.72,lenovo,intel,core i3,no os
8,0,2048,15.6,20725.92,hp,intel,core,windows
8,128,1024,17.3,57808.8,dell,intel,core i5,windows
8,128,1024,15.6,43103.52,lenovo,intel,core i5,no os
8,256,0,15.6,47898.72,dell,intel,core i7,windows
8,256,0,14.0,93240.0,hp,intel,core i7,windows
12,512,2048,15.6,58554.72,asus,intel,core i7,windows
16,256,1024,17.3,117162.72,asus,amd,ryzen 1700,windows
8,256,0,13.3,46300.8528,dell,intel,core i7,windows
4,128,0,11.6,29463.84,lenovo,intel,core,windows
4,0,500,15.6,16463.52,dell,intel,core,windows
4,32,0,14.0,15238.08,asus,intel,core,windows
8,0,1024,15.6,45074.88,acer,intel,core i7,linux
8,128,1024,17.3,63456.48,hp,intel,core i7,windows
4,128,0,15.6,21498.48,lenovo,intel,core i3,no os
8,128,1024,15.6,88178.4,asus,intel,core i7,windows
8,256,0,14.0,58554.72,lenovo,intel,core i5,windows
16,512,0,13.3,93181.392,asus,intel,core i7,windows
8,512,0,14.0,121584.96,lenovo,intel,core i7,windows
4,128,0,13.3,29250.72,lenovo,intel,core i3,windows
8,0,500,15.6,72940.32,dell,intel,core i5,windows
8,256,0,15.6,113752.8,dell,intel,core i7,windows
16,512,0,14.0,133679.52,lenovo,intel,core i7,windows
8,0,1024,17.3,55357.92,asus,intel,core i7,windows
16,256,1024,17.3,84768.48,asus,intel,core i7,windows
12,0,1024,15.6,36975.7872,acer,intel,core i5,windows
8,256,0,17.3,71874.72,msi,intel,core i7,windows
8,256,0,15.6,41498.1936,dell,intel,core i7,linux
8,256,0,15.6,65510.9568,lenovo,intel,core i7,windows
8,256,0,14.0,49976.64,lenovo,intel,core i5,windows
8,256,0,15.6,144495.36,dell,intel,core i7,windows
16,1024,0,14.0,139860.0,lenovo,intel,core i7,windows
4,0,1024,15.6,16303.68,lenovo,intel,core,windows
16,256,1024,17.3,81465.12,asus,intel,core i7,windows
8,256,1024,25.6,60978.96,lenovo,intel,core i5,windows
8,256,0,15.6,46833.12,acer,intel,core i7,linux
16,256,1024,17.3,119826.72,msi,intel,core i7,windows
8,512,0,14.0,99793.44,asus,intel,core i7,windows
16,512,0,13.3,93080.16,toshiba,intel,core i7,windows
8,512,0,14.0,89510.4,dell,intel,core i7,windows
4,0,500,35.6,21791.52,lenovo,intel,core i3,windows
2,32,0,11.6,16221.096,lenovo,intel,core,windows
8,512,0,15.6,102564.0,lenovo,intel,core i7,windows
8,512,0,14.0,103523.04,lenovo,intel,core i7,windows
8,256,0,13.3,42038.4528,acer,intel,core i7,windows
8,256,0,13.3,49443.84,asus,intel,core i5,windows
4,256,0,15.6,31909.392,dell,intel,core i5,linux
4,128,0,13.3,36709.92,dell,intel,core i3,windows
8,256,0,14.0,79920.0,hp,intel,core i7,windows
8,0,1024,15.6,28768.536,dell,intel,core i5,windows
8,256,0,14.0,64755.4464,lenovo,intel,core i7,windows
16,512,0,15.6,101178.72,lenovo,intel,core i7,windows
8,256,0,15.6,76030.56,hp,intel,core i7,windows
8,0,1024,35.6,31808.16,asus,intel,core i3,linux
16,256,1024,27.3,149130.72,dell,intel,core i7,windows
8,128,1024,15.6,61751.52,dell,intel,core i7,windows
8,256,2048,15.6,60867.072,dell,intel,core i7,windows
8,256,0,14.0,58554.72,dell,intel,core i7,linux
12,256,1024,17.3,106506.72,hp,intel,core i7,windows
4,16,0,11.6,14332.32,samsung,intel,core,chrome os
8,256,0,13.3,53812.8,lenovo,intel,core i7,windows
4,128,0,14.0,31914.72,lenovo,intel,core i3,windows
16,512,0,15.6,130269.6,lenovo,intel,core i7,windows
16,512,0,15.6,130482.72,lenovo,intel,core i7,windows
8,256,1024,17.3,90309.6,asus,amd,ryzen 1600,windows
4,0,500,15.6,18488.16,hp,intel,core,windows
24,512,0,24.0,126912.96,lenovo,intel,core i7,windows
4,256,0,15.6,29783.52,asus,intel,core i5,linux
4,256,0,15.6,39906.72,dell,intel,core i5,windows
8,256,0,12.5,76137.12,lenovo,intel,core i5,windows
4,128,0,15.6,18594.72,lenovo,intel,core,windows
8,128,1024,15.6,58554.72,hp,intel,core i7,windows
8,256,0,14.0,62817.12,dell,intel,core i5,windows
4,0,500,15.6,23539.104,acer,intel,core i5,linux
8,256,0,15.6,54757.9872,msi,intel,core i5,windows
16,512,0,13.5,137941.92,microsoft,intel,core i7,windows s
8,128,0,15.6,31381.92,hp,intel,core i5,windows
16,256,0,15.6,105228.0,dell,intel,core i7,windows
8,512,0,15.6,81731.52,hp,intel,core i7,windows
8,256,0,14.0,71661.6,lenovo,intel,core i5,windows
8,128,1024,15.6,52161.12,dell,intel,core i7,windows
4,0,500,11.6,25521.12,dell,intel,core,windows
8,0,1024,17.3,109010.88,dell,intel,core i7,windows
4,128,0,13.5,52693.92,microsoft,intel,core,windows s
8,256,0,33.5,95850.72,microsoft,intel,core i7,windows s
8,256,0,17.3,34093.872,hp,intel,core i3,windows
4,0,1024,15.6,28984.32,acer,intel,core i3,windows
4,128,0,11.6,23176.8,acer,intel,core,windows
8,0,1024,15.6,39906.72,asus,intel,core i5,windows
8,512,0,14.0,42570.72,lenovo,intel,core i7,no os
8,256,0,15.6,111355.2,lenovo,intel,core i7,windows
4,0,500,15.6,16197.12,asus,intel,core,windows
4,0,500,15.6,24988.32,acer,intel,core i3,windows
8,0,2048,15.6,40439.52,dell,intel,core i5,windows
12,0,1024,17.3,90522.72,hp,intel,core i7,windows
12,256,0,14.0,98994.24,lenovo,intel,core i7,windows
8,512,0,13.3,106506.72,hp,intel,core i7,windows
8,0,500,15.6,61485.12,hp,intel,core i5,windows
8,256,0,13.3,98133.768,dell,intel,core i5,windows
12,128,1024,15.6,69210.72,asus,intel,core i7,windows
8,128,0,14.0,39427.2,dell,intel,core i3,windows
8,180,0,14.0,72673.92,lenovo,intel,core i5,windows
8,256,0,13.3,89084.16,toshiba,intel,core i5,windows
8,512,0,15.6,67239.36,dell,intel,core i7,windows
4,0,1024,15.6,31254.048,dell,intel,core i3,windows
4,128,0,13.3,38681.28,hp,intel,core i5,windows
4,128,0,15.6,30103.2,lenovo,intel,core i3,windows
8,256,0,14.0,55890.72,lenovo,intel,core i5,windows
16,512,0,15.6,124568.64,dell,intel,core i7,windows
16,512,0,15.6,101178.72,dell,intel,core i7,windows
16,512,0,12.5,95797.44,lenovo,intel,core i7,windows
16,512,0,12.5,103896.0,asus,intel,core i7,windows
8,256,0,15.6,53918.8272,lenovo,intel,core i5,windows
32,512,0,13.3,149130.72,toshiba,intel,core i7,windows
8,128,1024,15.6,71928.0,asus,intel,core i7,windows
24,256,1024,17.3,67612.32,asus,intel,core i7,windows
8,180,0,12.5,58554.72,lenovo,intel,core i5,windows
8,256,0,15.6,47893.392,lenovo,intel,core i7,windows
8,1024,0,14.0,93186.72,hp,intel,core i7,windows
8,256,0,13.3,50562.72,lenovo,intel,core i3,windows
8,256,0,15.6,48538.08,lenovo,intel,core i5,windows
4,64,0,11.6,18115.2,asus,intel,core,windows s
8,256,0,15.6,32979.7872,hp,intel,core i5,windows
8,256,0,13.9,85194.72,lenovo,intel,core i5,windows
4,0,500,14.0,15930.72,lenovo,intel,core,windows
4,16,0,11.6,14119.2,lenovo,intel,core,chrome os
8,256,0,13.3,50562.72,lenovo,intel,core i5,windows
8,256,1024,15.6,65214.72,asus,intel,core i7,windows
4,0,1024,15.6,32660.64,acer,intel,core i5,windows
8,512,0,13.3,70489.44,hp,intel,core i7,windows
8,256,1024,15.6,61218.72,lenovo,intel,core i7,no os
8,128,0,13.3,47898.72,dell,intel,core i5,windows
4,0,500,15.6,34045.92,acer,intel,core i7,windows
8,0,1024,15.6,44542.08,dell,intel,core i5,windows
16,256,2048,15.6,64961.1072,dell,intel,core i7,windows
2,32,0,11.6,13053.6,asus,intel,core,windows
4,0,1024,15.6,27783.9216,hp,intel,core i5,windows
8,256,0,15.6,47365.92,hp,intel,core i5,windows
16,256,1024,17.3,80133.12,asus,intel,core i7,windows
8,256,1024,15.6,74538.72,lenovo,intel,core i7,windows
8,256,0,13.3,74538.72,hp,intel,core i7,windows
8,256,0,14.0,68184.0144,dell,intel,core i5,windows
4,128,0,15.6,36709.92,hp,intel,core i3,windows
8,128,1024,17.3,47365.92,dell,intel,core i5,linux
8,256,0,24.0,71395.2,lenovo,intel,core i5,windows
4,0,1024,15.6,42570.72,lenovo,intel,core i7,windows
8,0,2048,15.6,24455.52,lenovo,intel,core i3,no os
4,0,500,15.6,31168.8,dell,intel,core i5,windows
8,256,0,15.6,73366.56,dell,intel,core i5,windows
8,0,500,15.6,45820.8,toshiba,intel,core i5,windows
8,256,1024,15.6,69210.72,asus,intel,core i7,windows
8,128,1024,15.6,87858.72,asus,intel,core i5,windows
8,256,0,15.6,72940.32,dell,intel,core i7,windows
8,256,0,15.6,42486.0048,dell,intel,core i5,windows
4,256,0,15.6,21258.1872,hp,intel,core,windows
12,0,1024,17.3,95850.72,hp,intel,core i7,windows
8,256,0,14.0,45767.52,lenovo,intel,core i7,windows
8,256,0,13.3,74538.72,dell,intel,core i7,windows
4,128,0,14.0,39207.1536,dell,intel,core i3,windows
8,256,0,13.3,61005.6,hp,intel,core i7,windows
8,0,1024,15.6,42517.44,acer,intel,core i5,linux
4,128,0,15.6,37589.04,hp,intel,core i3,windows
4,0,500,14.0,41824.8,lenovo,intel,core i5,windows
4,0,1024,15.6,24634.008,lenovo,intel,core i5,no os
4,0,500,15.6,21152.16,hp,intel,core i3,windows
8,512,0,15.6,92121.12,lenovo,intel,core i7,windows
4,128,0,15.6,26586.72,lenovo,intel,core i3,windows
8,256,0,15.6,59513.2272,dell,intel,core i5,windows
16,256,1024,17.3,143802.72,dell,intel,core i7,windows
8,0,1024,17.3,28992.312,hp,intel,core i3,windows
8,0,1024,17.3,68198.4,hp,intel,core i7,windows
4,0,500,15.6,11934.72,asus,intel,core,linux
6,128,1024,17.3,50562.72,lenovo,intel,core i7,windows
4,0,1024,15.6,32921.712,dell,intel,core i3,windows
4,32,0,11.6,18594.72,acer,intel,core,windows
4,128,0,15.6,33566.4,lenovo,intel,core i3,windows
16,512,0,13.3,104695.2,hp,intel,core,windows
8,128,1024,15.6,44701.92,asus,intel,core i5,windows
8,128,0,13.3,85194.72,dell,intel,core i5,windows
4,0,500,15.6,51095.52,dell,intel,core i5,windows
4,0,500,15.6,18328.32,lenovo,intel,core,windows
4,0,500,14.0,52747.2,lenovo,intel,core i5,windows
8,0,500,17.3,99153.5472,hp,intel,core i5,windows
8,0,2048,14.0,20725.92,hp,intel,core,windows
8,256,0,15.6,44222.4,lenovo,intel,core i5,windows
4,0,500,15.6,36496.8,lenovo,intel,core i5,windows
16,512,0,14.0,99367.2,toshiba,intel,core i7,windows
32,256,1024,17.3,141884.64,lenovo,intel,core i7,windows
16,512,1024,17.3,145401.12,msi,intel,core i7,windows
8,256,0,15.6,39907.2528,dell,intel,core i7,linux
8,0,500,15.6,53733.9456,dell,intel,core i5,windows
4,128,0,13.3,38308.32,hp,intel,core i3,windows
16,256,0,15.6,81912.1392,dell,intel,core i7,windows
4,16,0,11.6,15717.6,dell,intel,core,chrome os
16,128,1024,17.3,125154.72,msi,intel,core i7,windows
16,256,1024,17.3,79813.44,hp,intel,core i7,windows
12,256,0,14.0,89137.44,lenovo,intel,core i7,windows
12,0,1024,15.6,32447.52,lenovo,intel,core i7,windows
8,128,1024,17.3,94305.6,asus,intel,core i5,windows
8,0,1024,15.6,39373.92,asus,intel,core i5,windows
4,128,0,31.6,32127.84,dell,intel,core,windows
16,128,1024,15.6,90522.72,samsung,intel,core i7,windows
4,0,500,17.3,28185.12,lenovo,intel,core i3,no os
8,0,1024,15.6,24455.52,lenovo,intel,core i3,windows
8,512,0,13.3,107892.0,lenovo,intel,core i7,windows
8,256,0,14.0,78534.72,lenovo,intel,core i5,windows
8,256,0,12.5,88977.6,dell,intel,core i5,windows
8,256,0,15.6,93932.64,dell,intel,core i7,windows
8,256,0,15.6,64948.32,hp,intel,core i7,windows
4,0,500,15.6,35616.6144,hp,intel,core i3,windows
4,32,0,14.0,17529.12,acer,intel,core,windows
16,128,1024,17.3,117162.72,msi,intel,core i7,windows
4,0,1024,15.6,24775.2,dell,intel,core i3,linux
16,256,2048,15.6,122490.72,msi,intel,core i7,windows
8,256,0,15.6,74538.72,toshiba,intel,core i7,windows
6,0,1024,15.6,30049.92,lenovo,intel,core i5,windows
8,256,0,15.6,69210.72,lenovo,intel,core i7,windows
4,128,0,14.0,18594.72,acer,intel,core,windows
16,0,1024,15.6,46833.6528,dell,intel,core i7,windows
4,0,1024,15.6,23650.992,dell,intel,core i3,linux
4,0,1024,15.6,19127.52,dell,intel,core i3,linux
4,0,500,15.6,46300.32,dell,intel,core i5,linux
8,128,1024,17.3,62231.04,asus,intel,core i7,windows
8,512,0,15.6,74005.92,hp,intel,core i7,windows
16,256,1024,15.6,120831.5808,msi,intel,core i7,windows
4,32,0,11.6,20193.12,acer,intel,core,chrome os
8,256,0,14.0,59886.72,hp,intel,core i5,windows
8,256,0,14.0,78055.2,lenovo,intel,core i5,windows
4,0,1024,15.6,41345.28,dell,intel,core i5,windows
4,0,500,15.6,49656.96,hp,intel,core i5,windows
4,128,0,15.6,24935.04,lenovo,intel,core i5,no os
6,0,1024,13.3,34046.4528,asus,intel,core i5,windows
16,512,0,14.0,101232.0,asus,intel,core i7,windows
16,256,1024,15.6,78801.12,dell,intel,core i7,windows
4,256,0,15.6,44169.12,lenovo,intel,core i5,windows
4,0,1024,15.6,30849.12,lenovo,intel,core i3,windows
8,0,1024,15.6,21258.72,asus,intel,core,windows
8,0,1024,15.6,48304.7136,asus,intel,core i5,windows
8,256,0,13.3,99580.32,dell,intel,core i5,windows
2,32,0,14.0,13266.72,lenovo,intel,core,windows
8,256,0,13.3,93635.3376,lenovo,intel,core i7,windows
16,1024,0,15.6,127818.72,dell,intel,core i7,windows
8,128,1024,15.6,59087.52,lenovo,intel,core i7,windows
16,512,0,14.0,130536.0,lenovo,intel,core i7,windows
8,0,1024,15.6,62284.32,asus,intel,core i7,no os
4,0,500,15.6,23976.0,acer,intel,core i3,windows
4,32,0,14.0,14598.72,lenovo,intel,core,windows
8,256,0,14.0,48964.32,acer,intel,core i5,windows
8,256,0,13.3,64628.64,toshiba,intel,core i5,windows
8,256,0,12.5,84395.52,lenovo,intel,core i7,windows
32,512,0,17.3,149130.72,asus,intel,core i7,windows
8,0,1024,15.6,37775.52,acer,intel,core i5,linux
8,256,0,13.3,77250.672,dell,intel,core i5,windows
8,128,1024,15.6,63499.104,msi,intel,core i7,windows
4,0,500,15.6,19441.872,hp,intel,core i3,no os
8,0,500,15.6,56689.92,toshiba,intel,core i5,windows
8,256,0,15.6,48964.32,dell,intel,core i7,windows
16,256,2048,15.6,60472.8,dell,intel,core i7,windows
8,128,1024,15.6,63722.88,lenovo,intel,core i7,windows
8,256,0,14.0,65481.12,dell,intel,core i5,windows
4,0,500,15.6,22324.32,lenovo,intel,core,windows
4,0,500,15.6,28504.8,lenovo,intel,core i5,windows
6,0,1024,15.6,28717.92,hp,intel,core i3,windows
8,128,1024,17.3,79215.1056,msi,intel,core i7,windows
4,128,0,15.6,26533.44,toshiba,intel,core i3,windows
8,0,1024,15.6,39693.6,hp,intel,core i7,windows
8,256,0,15.6,67026.24,toshiba,intel,core i5,windows
4,128,0,15.6,21951.36,acer,intel,core i3,linux
8,256,0,13.5,99519.048,microsoft,intel,core i7,windows s
8,128,1024,15.6,43580.376,lenovo,intel,core i5,windows
8,256,0,13.3,55091.52,lenovo,intel,core i5,windows
4,128,0,14.0,37242.72,hp,intel,core i3,windows
16,256,1024,15.6,68944.32,msi,intel,core i7,windows
8,256,0,14.0,60472.8,asus,intel,core i5,windows
8,64,0,11.6,26373.6,hp,intel,core,chrome os
16,256,0,15.6,69210.72,acer,intel,core i5,windows
8,256,0,15.6,53168.112,msi,intel,core i5,windows
4,128,0,15.6,22324.32,asus,intel,core,windows
16,128,1024,15.6,109277.28,dell,intel,core i5,windows
4,256,0,17.3,37242.72,hp,intel,core i3,windows
8,512,0,13.3,79866.72,lenovo,intel,core i7,windows
16,256,1024,15.6,149916.6,dell,intel,core i7,windows
4,0,500,15.6,32639.8608,hp,intel,core i5,windows
4,0,1024,15.6,29073.2976,dell,intel,core i3,windows
4,0,500,15.6,16943.04,lenovo,intel,core,windows
4,32,0,14.0,19980.0,acer,intel,core,chrome os
4,256,0,14.0,37242.72,lenovo,intel,core i5,windows
8,0,500,17.3,101657.7072,hp,intel,core i7,windows
8,256,0,14.0,137995.2,lenovo,intel,core i7,windows
8,256,0,13.3,51841.44,toshiba,intel,core i5,windows
4,32,0,11.6,14332.32,acer,intel,core,windows
16,512,0,14.0,93186.72,lenovo,intel,core i7,windows
4,64,0,12.5,35644.32,asus,intel,core,chrome os
16,512,0,13.3,100006.56,toshiba,intel,core i7,windows
8,0,1024,15.6,43636.32,dell,intel,core i5,windows
4,0,2048,15.6,33110.856,lenovo,intel,core i5,windows
4,0,500,15.6,23976.0,lenovo,intel,core i3,no os
8,256,0,15.6,42357.6,dell,intel,core i5,windows
1,256,0,13.3,53226.72,acer,intel,core i5,windows
16,512,0,15.6,98834.4,lenovo,intel,core i7,windows
8,256,0,14.0,63456.48,lenovo,intel,core i5,windows
8,128,1024,15.6,66546.72,lenovo,intel,core i7,windows
8,256,0,14.0,58021.92,dell,intel,core i5,linux
8,0,1024,15.6,38681.28,dell,intel,core i5,linux
4,32,0,14.0,15877.44,asus,intel,core,windows
16,512,0,15.6,76012.4448,dell,intel,core i5,windows
8,256,0,14.0,45664.6896,lenovo,intel,core i5,windows
8,256,0,15.6,62817.12,dell,intel,core i5,windows
8,256,0,17.3,63936.0,hp,intel,core i7,windows
64,512,0,14.0,89864.1792,lenovo,intel,core i7,windows
8,256,0,13.3,44574.048,hp,intel,core i5,windows
8,256,0,14.0,79866.72,lenovo,intel,core i5,windows
8,128,1024,17.3,71847.0144,msi,intel,core i7,windows
4,0,1024,15.6,26101.872,lenovo,intel,core i5,no os
4,0,1024,13.3,34578.72,dell,intel,core i3,windows
8,0,1024,15.6,31409.6256,dell,intel,core i5,linux
16,128,1024,17.3,103096.8,acer,intel,core i7,windows
12,0,1024,15.6,34578.72,dell,intel,core i5,windows
4,0,500,15.6,29783.52,acer,intel,core i5,windows
8,256,0,13.3,51148.8,lenovo,intel,core i5,windows
4,0,1024,15.6,41505.12,lenovo,intel,core i7,windows
16,256,0,15.6,128884.32,hp,intel,core i7,windows
8,0,1024,13.3,35111.52,dell,intel,core i5,windows
16,256,1024,15.6,111593.8944,msi,intel,core i7,windows
4,0,500,15.6,21887.424,acer,intel,core i3,windows
8,128,1024,15.6,64308.96,dell,intel,core i7,windows
8,256,0,15.6,35431.2,dell,intel,core i3,windows
8,256,0,14.0,81784.8,toshiba,intel,core i5,windows
8,256,0,14.0,53226.72,lenovo,intel,core i5,windows
2,32,0,14.0,17582.4,acer,intel,core,chrome os
16,256,0,13.3,87858.72,samsung,intel,core i7,windows
8,256,0,14.0,60031.1088,dell,intel,core i5,windows
4,128,0,11.6,25308.0,lenovo,intel,core,windows
8,256,0,15.6,101232.0,hp,intel,core i5,windows
4,0,1024,15.6,30849.12,asus,intel,core i5,no os
4,256,0,15.6,45282.672,asus,intel,core i7,windows
8,256,0,13.3,63882.72,lenovo,intel,core i5,windows
8,128,1024,15.6,58554.72,hp,intel,core i5,windows
8,256,0,15.6,83170.08,hp,intel,core i7,windows
4,256,0,15.6,31914.72,acer,intel,core i5,windows
8,128,1024,15.6,55837.44,lenovo,intel,core i7,windows
16,256,0,12.5,99047.52,dell,intel,core i7,windows
8,256,0,13.3,60153.12,asus,intel,core i5,windows
4,0,500,13.3,45234.72,dell,intel,core i3,windows
4,128,0,13.3,34898.4,acer,intel,core i5,windows
4,0,1024,17.3,25059.7152,asus,intel,core,windows
16,128,1024,15.6,58554.72,dell,intel,core i7,windows
8,256,0,13.3,85194.72,samsung,intel,core i7,windows
4,0,1024,15.6,15877.44,acer,intel,core,linux
16,0,0,15.6,62938.0656,dell,intel,core i7,windows
16,256,0,15.0,95850.72,samsung,intel,core i7,windows
4,128,0,14.0,54345.6,toshiba,intel,core i5,windows
8,0,1024,15.6,58554.72,dell,intel,core i7,windows
12,0,2048,15.6,44701.92,asus,intel,core i7,windows
16,512,0,15.6,126273.6,lenovo,intel,core i7,windows
4,128,0,14.0,33886.08,acer,intel,core i3,windows
8,128,0,15.6,31003.632,asus,intel,core,windows
16,256,1024,17.3,125208.0,asus,intel,core i7,windows
16,512,0,14.0,93985.92,toshiba,intel,core i7,windows
8,0,1024,15.6,17529.12,lenovo,intel,core,no os
16,512,0,14.0,122490.72,lenovo,intel,core i7,windows
16,256,1024,14.0,100752.48,msi,intel,core i7,windows
8,128,1024,15.6,58021.92,msi,intel,core i5,windows
4,0,1024,15.6,53226.72,lenovo,intel,core i7,windows
16,256,1024,17.3,122490.72,acer,intel,core i7,windows
8,256,0,15.6,52480.8,dell,intel,core i5,windows
8,128,1024,15.6,71341.92,asus,intel,core i7,windows
8,512,0,13.3,104961.6,lenovo,intel,core i7,windows
8,256,0,15.6,51095.52,lenovo,intel,core i5,windows
8,512,0,12.0,62071.2,apple,intel,core,mac
8,256,0,14.0,124142.4,lenovo,intel,core i5,windows
4,32,0,14.0,15930.72,asus,intel,core,windows
8,128,0,15.6,43156.8,dell,intel,core i5,windows
8,256,0,13.9,71874.72,lenovo,intel,core i7,windows
8,256,0,15.6,39373.92,dell,intel,core i3,windows
8,256,0,15.6,110017.872,hp,intel,core i7,windows
8,256,0,15.6,58554.72,asus,intel,core i5,windows
8,256,0,13.3,79866.72,dell,intel,core i5,windows
8,256,0,15.6,93186.72,dell,intel,core i5,windows
4,128,0,11.6,39640.32,dell,intel,core,windows
8,256,0,12.5,74005.92,hp,intel,core i5,windows
4,0,500,15.6,41558.4,toshiba,intel,core i5,windows
16,512,0,15.6,89457.12,dell,intel,core i7,windows
4,0,1024,15.6,32447.52,lenovo,intel,core i5,windows
12,0,1024,17.3,93186.72,hp,intel,core i7,windows
16,512,1024,17.3,128671.2,msi,intel,core i7,windows
8,256,0,13.3,79866.72,samsung,intel,core i5,windows
8,0,1024,15.6,51202.08,dell,intel,core i7,windows
8,256,0,15.6,42081.0768,dell,intel,core i5,windows
8,256,0,14.0,99047.52,lenovo,intel,core i7,windows
4,16,0,11.6,20512.8,hp,intel,core,chrome os
16,128,1024,17.3,133467.4656,dell,intel,core i7,windows
4,0,500,14.0,40226.4,dell,intel,core i5,windows
4,0,500,15.6,26101.872,lenovo,intel,core i3,windows
4,128,0,14.0,58075.2,toshiba,intel,core i5,windows
8,512,0,14.0,133146.72,lenovo,intel,core i7,windows
8,256,0,15.6,63882.72,msi,intel,core i5,windows
8,256,0,14.0,99900.0,lenovo,intel,core i5,windows
4,128,0,14.0,26586.72,toshiba,intel,core,windows
8,256,0,13.3,72354.24,asus,intel,core i5,windows
4,0,500,14.0,31168.8,dell,intel,core i3,windows
4,32,0,11.6,18914.4,acer,intel,core,chrome os
8,128,0,14.0,32980.32,acer,intel,core i3,windows
16,512,0,14.0,111834.72,lenovo,intel,core i7,windows
4,0,1024,15.6,27652.32,asus,intel,core i5,linux
8,256,0,14.0,63190.08,lenovo,intel,core i5,windows
8,256,0,14.0,87912.0,lenovo,intel,core i5,windows
16,256,1024,15.6,147832.2864,dell,intel,core i7,windows
16,256,1024,17.3,128884.32,asus,intel,core i7,windows
4,0,500,15.6,35644.32,toshiba,intel,core i3,windows
4,16,0,14.0,17316.0,lenovo,intel,core,chrome os
8,0,128,15.6,31435.2,asus,intel,core i5,windows
16,512,1024,17.3,95850.72,asus,intel,core i7,windows
8,0,1024,17.3,48484.8,hp,intel,core i5,windows
8,128,0,15.6,38041.3872,dell,intel,core i5,windows
8,512,0,14.0,99633.6,hp,intel,core i7,windows
4,256,0,15.6,39373.92,dell,intel,core i7,windows
4,32,0,11.6,32767.2,hp,intel,core,chrome os
8,512,0,13.3,54665.28,asus,intel,core i5,windows
8,256,0,13.3,121318.56,hp,intel,core i5,windows
8,512,0,14.0,78215.04,hp,intel,core i7,windows
4,128,0,15.6,15930.72,hp,intel,core,no os
16,128,1024,15.6,101178.72,asus,intel,core i7,windows
8,0,1024,17.3,46087.2,dell,intel,core i7,linux
8,256,0,14.0,101391.84,lenovo,intel,core i7,windows
8,256,0,15.6,41931.36,asus,intel,core i7,windows
8,128,0,15.6,50349.6,dell,intel,core i5,windows
4,0,1024,15.6,23922.72,asus,intel,core,windows
8,256,0,13.3,136343.52,hp,intel,core i7,windows
8,0,1024,13.3,34578.72,dell,intel,core i5,windows
4,0,1024,15.6,24988.32,lenovo,intel,core i3,no os
8,0,1024,15.6,45323.1648,lenovo,intel,core i5,windows
8,256,0,15.6,71874.72,hp,intel,core i5,windows
4,128,0,13.3,68464.8,toshiba,intel,core i5,windows
8,0,1024,15.6,54185.76,lenovo,intel,core i5,no os
16,512,0,13.3,119347.2,dell,intel,core i7,windows
4,0,500,15.6,48484.8,hp,intel,core i5,windows
8,256,0,13.3,58341.6,toshiba,intel,core i5,windows
8,256,0,13.3,103896.0,lenovo,intel,core i7,windows
8,256,0,14.0,48058.56,acer,intel,core i5,windows
8,0,1024,15.6,94731.84,dell,intel,core i7,windows
4,0,500,15.6,56210.4,lenovo,intel,core i5,windows
4,0,1024,15.6,25521.12,lenovo,intel,core i3,no os
8,256,0,15.6,73952.64,toshiba,intel,core i7,windows
4,180,0,13.3,39160.8,lenovo,intel,core i3,windows
16,256,0,15.0,98514.72,samsung,intel,core i7,windows
8,256,0,12.5,90043.2,dell,intel,core i7,windows
4,0,1024,15.6,21258.1872,asus,intel,core,linux
4,128,1024,15.6,48618.0,dell,intel,core i5,windows
4,256,0,15.6,44701.92,hp,intel,core i5,windows
4,256,0,13.3,90576.0,hp,intel,core i5,windows
4,0,500,15.6,36486.144,hp,intel,core i5,windows
4,32,0,14.1,18541.44,asus,intel,core,windows
8,0,1024,15.6,35644.32,lenovo,intel,core i7,windows
4,0,500,15.6,19660.32,dell,intel,core,windows
4,256,0,13.3,95850.72,hp,intel,core i5,windows
4,0,1024,15.6,24279.696,dell,intel,core i3,linux
12,128,1024,17.3,72988.272,asus,intel,core i5,windows
4,32,0,11.6,15824.16,acer,intel,core,chrome os
4,128,0,14.0,67399.2,hp,intel,core i5,windows
16,256,0,13.3,74538.72,hp,intel,core i7,windows
8,256,0,15.0,90522.72,samsung,intel,core i7,windows
8,256,0,14.0,95850.72,lenovo,intel,core i5,windows
16,512,2048,17.3,141138.72,msi,intel,core i7,windows
8,256,0,13.3,78588.0,toshiba,intel,core i5,windows
8,0,1024,15.6,49497.12,dell,intel,core i7,linux
8,0,1024,15.6,47952.0,hp,intel,core i7,windows
4,0,1024,15.6,32713.92,dell,intel,core i3,windows
8,0,500,15.6,49816.8,dell,intel,core i5,windows
8,512,0,13.3,107257.968,dell,intel,core i7,windows
32,512,0,17.3,68145.12,asus,intel,core i7,windows
16,256,0,13.3,87858.72,dell,intel,core i7,windows
8,256,0,14.0,109170.72,lenovo,intel,core i7,windows
8,512,0,15.6,104588.1072,lenovo,intel,core i5,windows
8,512,0,12.5,79014.24,hp,intel,core i7,windows
4,16,0,15.6,19127.52,acer,intel,core,chrome os
8,128,1024,15.6,42037.92,lenovo,intel,core i5,windows
8,256,0,14.0,64202.4,dell,intel,core i5,windows
6,256,0,15.6,42037.92,lenovo,intel,core i7,windows
8,256,0,15.6,54291.7872,hp,intel,core i7,windows
4,0,1024,15.6,26586.72,acer,intel,core i3,windows
4,128,0,13.3,46939.68,lenovo,intel,core i5,windows
8,256,0,13.3,51148.8,hp,intel,core i5,windows
16,256,1024,17.3,85194.72,msi,intel,core i7,windows
8,128,1024,15.6,59668.8048,msi,intel,core i5,windows
4,0,1024,15.6,36496.2672,dell,intel,core i5,windows
8,256,0,15.6,69103.6272,hp,intel,core i7,windows
8,512,0,13.3,97236.0,lenovo,intel,core i5,windows
4,0,500,15.6,38889.072,dell,intel,core i5,windows
8,256,0,12.5,87912.0,lenovo,intel,core i7,windows
8,256,0,15.6,62071.2,hp,intel,core i5,windows
4,0,1024,15.6,37725.4368,dell,intel,core i5,windows
4,0,500,14.0,61218.72,hp,intel,core i5,windows
4,0,1024,15.6,16463.52,lenovo,intel,core,windows
4,0,500,12.5,84129.12,hp,intel,core i5,windows
4,0,1024,15.6,15392.592,hp,intel,core,no os
16,1024,0,13.3,95850.72,lenovo,intel,core i7,windows
4,128,0,14.0,58874.4,toshiba,intel,core i5,windows
8,256,0,12.5,88924.32,hp,intel,core i5,windows
4,0,1024,15.6,29762.208,dell,intel,core i3,windows
8,128,1024,15.6,63882.72,msi,intel,core i7,windows
16,512,1024,17.3,146946.24,dell,intel,core i7,windows
8,128,1024,17.3,74538.72,hp,intel,core i5,windows
4,0,1024,17.3,28238.4,asus,intel,core,windows
4,0,500,15.6,32980.32,acer,intel,core i5,windows
8,256,0,15.6,59620.32,toshiba,intel,core i5,windows
8,256,0,11.3,69210.72,lenovo,intel,core,windows
8,256,0,12.5,78438.816,dell,intel,core i5,windows
8,0,1024,15.6,36496.8,lenovo,intel,core i7,no os
4,0,1024,17.3,35111.52,dell,intel,core i3,windows
4,32,0,14.0,18594.72,acer,intel,core,chrome os
8,8,0,15.6,119826.72,hp,intel,core i7,windows
8,256,0,14.0,94572.0,dell,intel,core i7,windows
8,256,0,13.3,77788.8,toshiba,intel,core i5,windows
8,64,0,12.5,61751.52,asus,intel,core,chrome os
8,256,0,14.0,79333.3872,lenovo,intel,core i7,windows
8,256,0,13.3,101178.72,dell,intel,core i5,windows
4,256,0,11.6,41292.0,hp,intel,core,windows
8,256,0,13.3,67559.04,dell,intel,core i7,windows
4,32,0,11.6,20725.92,acer,intel,core,chrome os
8,256,0,13.3,81784.8,toshiba,intel,core i5,windows
8,256,0,12.5,93772.8,lenovo,intel,core i5,windows
12,128,1024,15.6,53759.52,acer,intel,core i5,windows
8,512,0,12.5,95371.2,toshiba,intel,core i7,windows
8,0,1024,15.6,45101.52,hp,intel,core i5,windows
4,0,1024,15.6,24808.2336,dell,intel,core i3,linux
4,0,500,15.6,43956.0,dell,intel,core i5,windows
4,0,500,15.6,36496.8,hp,intel,core i3,windows
6,256,0,15.6,37029.6,lenovo,intel,core i5,windows
16,512,0,13.3,101178.72,dell,intel,core i7,windows
8,256,0,14.0,104587.5744,dell,intel,core i7,windows
32,256,1024,17.3,149184.0,dell,intel,core i7,windows
8,256,0,14.0,62870.4,toshiba,intel,core i5,windows
16,256,1024,17.3,109218.672,asus,intel,core i7,windows
8,128,1024,15.6,52161.12,hp,intel,core i5,windows
4,508,0,14.0,53386.56,lenovo,intel,core i5,windows
16,512,2048,15.6,95850.72,asus,intel,core i7,windows
16,256,1024,17.3,93186.72,asus,intel,core i7,windows
12,512,0,15.6,69210.72,dell,intel,core i7,windows
4,128,0,13.3,63669.6,toshiba,intel,core i5,windows
4,0,500,14.0,48751.2,toshiba,intel,core i5,windows
4,0,500,15.6,31914.72,dell,intel,core i5,windows
8,0,1024,15.6,42943.68,hp,intel,core i5,windows
8,128,1024,15.6,63349.92,lenovo,intel,core i7,windows
8,0,1024,15.6,39906.72,dell,intel,core i7,windows
8,128,0,14.0,59620.32,dell,intel,core i5,windows
8,512,0,12.5,101658.24,hp,intel,core,windows
4,128,1024,15.6,26586.72,hp,intel,core i3,windows
4,128,0,15.6,14418.6336,lenovo,intel,core,no os
8,256,0,15.6,71874.72,lenovo,intel,core i5,windows
8,256,0,13.3,61272.0,asus,intel,core i5,windows
8,256,0,13.3,71874.72,hp,intel,core i7,windows
4,0,500,15.6,20246.4,acer,intel,core,windows
16,256,1024,15.6,95850.72,asus,intel,core i7,windows
8,512,0,14.0,111301.92,hp,intel,core i7,windows
8,128,1024,15.6,67132.8,acer,intel,core i7,windows
8,256,0,13.3,63349.92,hp,intel,core i5,windows
4,128,0,15.6,29144.16,dell,intel,core i3,windows
4,0,500,14.0,41505.12,hp,intel,core i5,windows
4,128,0,13.3,63669.6,toshiba,intel,core i5,windows
4,256,0,14.0,58607.4672,hp,intel,core i5,windows
4,256,0,14.0,64202.4,hp,intel,core i5,windows
8,256,0,14.0,77202.72,hp,intel,core i7,windows
8,256,0,14.0,55904.5728,hp,intel,core i5,windows
4,0,500,14.0,36443.52,hp,intel,core i3,windows
8,1024,0,15.6,50562.72,dell,intel,core i5,windows
4,0,500,12.5,81997.92,hp,intel,core i5,windows
4,256,0,14.0,84715.2,hp,intel,core i5,windows
8,256,0,14.0,100550.5488,hp,intel,core i7,windows
4,0,500,13.3,42624.0,hp,intel,core i3,windows
8,256,0,13.3,64468.8,toshiba,intel,core i5,windows
4,256,0,15.6,41025.0672,hp,intel,core i3,windows
8,256,0,14.0,79387.2,toshiba,intel,core i5,windows
8,256,0,14.0,118761.12,hp,intel,core i7,windows
4,0,1024,15.6,42410.3472,dell,intel,core i3,windows
8,256,0,13.3,84715.2,toshiba,intel,core i5,windows
8,256,0,13.3,61218.72,hp,intel,core i5,windows
8,256,0,14.0,63159.7104,hp,intel,core i7,windows
8,0,500,15.6,55754.3232,dell,intel,core i5,windows
4,256,0,12.5,83063.52,hp,intel,core i5,windows
4,0,500,14.0,63349.92,hp,intel,core i5,windows
4,0,500,14.0,56476.8,hp,intel,core i5,windows
8,256,0,13.3,86526.72,dell,intel,core i5,windows
8,256,0,17.3,57542.4,hp,intel,core i5,windows
4,256,0,14.0,51841.44,hp,intel,core i5,windows
8,128,1024,17.3,63499.104,msi,intel,core i7,windows
8,256,0,14.0,63669.6,hp,intel,core i5,windows
8,256,0,15.6,65480.5872,hp,intel,core i7,windows
8,256,0,12.5,71874.72,hp,intel,core i7,windows
4,0,500,15.6,39533.76,hp,intel,core i5,windows
8,256,0,14.0,91908.0,toshiba,intel,core i7,windows
8,256,0,15.6,56633.976,dell,intel,core i5,windows
8,256,0,14.0,53839.9728,hp,intel,core i5,windows
4,256,0,15.6,45128.16,lenovo,intel,core i7,windows
16,256,0,15.6,75924.0,toshiba,intel,core i7,windows
8,256,0,15.6,55922.688,lenovo,intel,core i5,windows
4,0,500,14.0,53280.0,hp,intel,core i5,windows
8,256,500,15.6,112065.9552,hp,intel,core i5,windows
8,256,0,14.0,78268.32,hp,intel,core i5,windows
16,256,1024,17.3,82351.6992,msi,intel,core i7,windows
16,128,1024,17.3,122010.6672,lenovo,intel,core i7,windows
4,16,0,11.6,15339.312,asus,intel,core,chrome os
16,256,0,14.0,139593.6,lenovo,intel,core i7,windows
8,0,1024,15.6,52161.12,hp,intel,core i7,windows
8,256,0,15.6,58288.32,dell,intel,core i5,windows
4,256,0,15.6,52161.12,hp,intel,core i5,windows
16,1024,0,13.3,120093.12,dell,intel,core i7,windows
4,0,500,15.6,37570.392,hp,intel,core i3,windows
4,0,500,15.6,26586.72,hp,intel,core i5,no os
12,256,0,13.3,69210.72,dell,intel,core i7,windows
16,256,1024,15.6,96916.32,msi,intel,core i7,windows
16,0,1024,17.3,53173.44,asus,intel,core i7,no os
4,0,1024,15.6,29783.52,dell,intel,core i5,windows
16,0,2048,15.6,52746.6672,dell,intel,core i7,windows
16,256,1024,15.6,102777.12,msi,intel,core i7,windows
8,256,0,13.3,77682.24,dell,intel,core i7,windows
8,256,0,13.3,42517.9728,dell,intel,core i7,windows
16,256,1024,15.6,70809.12,dell,intel,core i7,windows
8,256,0,12.0,69264.0,apple,intel,core,mac
4,0,500,15.6,25679.8944,dell,intel,core i3,windows
4,0,500,15.6,63882.72,hp,intel,core i5,windows
8,256,0,12.5,63882.72,hp,intel,core i5,windows
8,256,0,13.3,58075.2,hp,intel,core i7,windows
8,256,0,12.5,91294.7472,lenovo,intel,core i7,windows
8,0,1024,17.3,35111.52,lenovo,intel,core i5,windows
4,0,1024,15.6,52054.56,lenovo,intel,core i5,windows
16,256,1024,17.3,133146.72,msi,intel,core i7,windows
4,0,500,15.6,28771.2,lenovo,intel,core i5,windows
4,0,500,15.6,50083.2,hp,intel,core i5,windows
8,512,0,12.5,74538.72,lenovo,intel,core,windows
16,512,0,13.3,109170.72,hp,intel,core i7,windows
8,256,0,15.6,39960.0,dell,intel,core i5,windows
4,0,500,14.0,54931.1472,hp,intel,core i5,windows
8,256,0,15.6,79653.6,hp,intel,core i7,windows
8,180,0,14.0,63882.72,lenovo,intel,core i5,windows
4,32,0,13.3,32767.2,hp,intel,core,chrome os
4,0,500,15.6,20965.1472,dell,intel,core,linux
4,0,1024,15.6,18434.3472,hp,intel,core i3,no os
8,256,1024,17.3,85194.72,asus,intel,core i7,windows
4,256,0,13.3,43601.688,dell,intel,core i5,windows
4,128,0,12.5,85194.72,hp,intel,core i5,windows
8,256,1024,15.6,42570.72,acer,intel,core i5,windows
8,0,1024,15.6,34035.264,dell,intel,core i5,windows
8,256,0,17.3,85194.72,msi,intel,core i7,windows
4,0,1024,15.6,26640.0,hp,intel,core,windows
16,128,1024,17.3,122490.72,asus,intel,core i7,windows
4,0,500,12.5,60480.792,dell,intel,core i3,windows
4,128,0,12.5,62176.1616,dell,intel,core i3,windows
4,16,0,15.6,11135.52,acer,intel,core,chrome os
16,512,0,15.6,63882.72,lenovo,intel,core i7,windows
8,256,0,12.5,75289.968,dell,intel,core i5,windows
8,128,1024,17.3,80516.2032,msi,intel,core i7,windows
4,256,0,15.6,46193.76,lenovo,intel,core i5,windows
16,128,1024,15.6,71341.92,asus,intel,core i7,windows
8,256,0,13.3,90522.72,hp,intel,core,windows
4,0,500,15.6,40980.312,dell,intel,core i5,windows
4,128,0,15.6,22857.12,lenovo,intel,core i3,windows
8,512,0,13.3,104908.32,hp,intel,core i7,windows
16,512,0,13.3,118601.28,toshiba,intel,core i7,windows
8,128,1024,17.3,69929.4672,asus,intel,core i7,windows
8,256,0,13.3,90043.2,hp,intel,core i5,windows
8,256,0,14.0,80612.64,hp,intel,core i5,windows
4,0,500,15.6,27899.0064,dell,intel,core i5,linux
4,0,1024,15.6,23176.8,asus,intel,core i3,windows
8,256,0,14.0,88924.32,lenovo,intel,core i7,windows
8,256,0,12.5,100965.6,hp,intel,core i5,windows
8,128,1024,15.6,52693.92,lenovo,intel,core i5,no os
8,128,1024,17.3,60153.12,hp,intel,core i5,windows
8,0,2048,15.6,33513.12,hp,intel,core i7,windows
8,512,0,14.0,109244.2464,lenovo,intel,core i7,windows
4,32,0,14.0,14811.84,asus,intel,core,windows
8,256,0,15.6,40066.56,hp,intel,core i7,windows
4,0,1024,15.6,32820.48,acer,intel,core i5,windows
16,1024,0,15.6,58554.72,lenovo,intel,core i7,windows
8,0,1024,15.6,41771.52,dell,intel,core i5,windows
16,256,1024,17.3,127818.72,msi,intel,core i7,windows
8,256,0,15.6,115709.2416,hp,intel,core i7,windows
16,512,0,14.0,130003.2,lenovo,intel,core i7,windows
8,128,1024,15.6,60888.384,msi,intel,core i7,windows
8,256,0,13.3,86793.12,hp,intel,core i5,windows
8,256,0,15.6,118761.12,hp,intel,core i7,windows
8,256,0,13.3,95850.72,hp,intel,core i7,windows
8,256,0,15.6,101178.72,hp,intel,core i7,windows
8,256,0,12.5,122381.496,hp,intel,core i7,windows
8,256,0,15.6,53807.472,dell,intel,core i7,windows
8,256,0,15.6,84129.12,hp,intel,core i5,windows
8,256,0,14.0,124621.92,lenovo,intel,core i7,windows
4,0,1024,15.6,18061.92,lenovo,intel,core i3,no os
8,0,1024,15.6,31914.72,lenovo,intel,core i5,no os
8,0,1024,15.6,63882.72,dell,intel,core i7,windows
8,256,0,15.6,119916.2304,dell,intel,core i5,windows
16,256,1024,17.3,79536.384,msi,intel,core i7,windows
12,512,0,14.0,122490.72,lenovo,intel,core i7,windows
8,1024,0,15.6,42010.7472,lenovo,intel,core i5,windows
8,512,0,13.3,108744.48,hp,intel,core i7,windows
8,256,0,14.0,79866.72,lenovo,intel,core i7,windows
16,256,1024,14.0,94252.32,msi,intel,core i7,windows
8,0,1024,15.6,47898.72,hp,intel,core i7,windows
4,0,500,15.6,25414.0272,hp,intel,core i5,no os
8,128,1024,15.6,79813.44,dell,intel,core i7,windows
8,256,0,15.6,74059.2,lenovo,intel,core i5,windows
4,0,1024,15.6,24935.04,lenovo,intel,core i3,windows
2,32,0,14.0,13266.72,hp,intel,core,windows
8,0,1024,15.6,44701.92,msi,intel,core i7,windows
8,256,0,15.6,36177.12,hp,intel,core i7,windows
16,512,0,15.6,61751.52,hp,intel,core i7,windows
4,0,500,15.6,19660.32,asus,intel,core,windows
4,0,500,15.6,21205.44,lenovo,intel,core i5,no os
8,0,1024,15.6,37775.52,lenovo,intel,core i7,no os
4,256,0,14.0,40972.32,asus,intel,core i3,windows
4,1024,0,15.6,43956.0,lenovo,intel,core i7,windows
16,512,0,15.6,69530.4,lenovo,intel,core i7,windows
16,128,1024,15.6,114731.5536,msi,intel,core i7,windows
4,0,500,15.6,34632.0,hp,intel,core i3,windows
8,256,0,14.0,87219.36,lenovo,intel,core i5,windows
6,256,0,15.6,44275.68,lenovo,intel,core i7,windows
8,256,0,15.6,47686.1328,dell,intel,core i7,linux
4,0,500,15.6,17742.24,acer,intel,core,windows
6,0,1024,15.6,42570.72,hp,intel,core i7,windows
8,256,1024,15.6,48431.52,asus,intel,core i7,windows
16,512,0,15.6,62817.12,dell,intel,core i7,windows
4,256,0,15.6,36816.48,acer,intel,core i5,windows
8,256,0,13.3,58554.72,dell,intel,core i5,linux
16,256,1024,17.3,138474.72,acer,intel,core i7,windows
8,0,1024,15.6,43636.32,lenovo,intel,core i5,windows
4,0,500,15.6,25840.8,hp,intel,core i5,windows
8,256,0,12.0,61964.64,apple,intel,core,mac
8,256,0,13.3,63882.72,dell,intel,core i5,windows
12,128,1024,15.6,70702.56,hp,intel,core i7,windows
4,0,1024,15.6,19607.04,lenovo,intel,core i3,no os
16,512,1024,17.3,114552.0,asus,intel,core i7,windows
4,0,1024,15.6,14492.16,acer,intel,core,linux
16,256,1024,17.3,109165.392,msi,intel,core i7,windows
4,128,0,15.6,26586.72,dell,intel,core i3,windows
8,0,500,15.6,33513.12,lenovo,intel,core i7,no os
16,512,0,13.3,142790.4,dell,intel,core i7,windows
8,0,1024,15.6,62284.32,asus,intel,core i7,windows
8,256,0,15.6,47365.92,dell,intel,core i5,windows
8,256,0,15.6,30849.12,hp,intel,core i5,windows
8,0,1024,17.3,33513.12,acer,intel,core i3,windows
16,256,1024,15.6,130482.72,asus,intel,core i7,windows
8,512,0,12.0,68145.12,apple,intel,core,mac
16,128,1024,15.6,93186.72,asus,intel,core i7,windows
16,256,1024,17.3,103842.1872,msi,intel,core i7,windows
8,256,0,15.6,53226.72,dell,intel,core i5,windows
16,256,1024,17.3,103842.72,asus,intel,core i7,windows
2,32,0,11.6,9270.72,acer,intel,core,chrome os
4,0,1024,17.3,31861.44,acer,intel,core i3,windows
8,0,1024,17.3,28717.92,lenovo,intel,core i5,no os
8,128,1024,15.6,67772.16,lenovo,intel,core i7,windows
8,256,0,14.0,61218.72,acer,intel,core i7,windows
8,256,0,15.6,81465.12,lenovo,intel,core i7,windows
8,128,1024,15.6,78647.1408,msi,intel,core i7,windows
8,256,0,12.5,91288.3536,dell,intel,core i5,windows
4,0,500,15.0,27119.52,dell,intel,core i3,windows
4,0,1024,15.6,16463.52,asus,intel,core,windows
8,256,0,13.3,78694.56,dell,intel,core i7,windows
4,0,1024,15.6,27804.7008,dell,intel,core i5,linux
16,128,1024,15.6,54825.12,lenovo,intel,core i7,windows
8,128,1024,15.6,61218.72,msi,intel,core i7,windows
16,512,0,12.5,87912.0,lenovo,intel,core i7,windows
8,0,1024,15.6,24988.8528,dell,intel,core i3,windows
16,256,1024,17.3,85141.44,msi,intel,core i7,windows
4,256,0,11.6,51095.52,apple,intel,core i5,mac
4,0,1024,15.6,25467.84,hp,intel,core i3,windows
8,256,0,14.0,117119.5632,hp,intel,core i7,windows
4,0,500,15.6,39267.36,dell,intel,core i5,windows
8,128,1024,15.6,62284.32,msi,intel,core i7,windows
16,512,0,13.3,79866.72,lenovo,intel,core i7,windows
8,256,0,13.3,68198.4,asus,intel,core i7,windows
4,0,500,15.6,19276.704,acer,intel,core i3,linux
16,512,0,17.3,95850.72,dell,intel,core i7,windows
4,256,0,14.0,58607.4672,hp,intel,core i5,windows
4,0,500,14.0,46620.0,dell,intel,core i5,windows
16,256,1024,15.6,123876.0,asus,intel,core i7,windows
8,256,0,15.6,30529.44,lenovo,intel,core i5,no os
8,256,0,13.3,96596.64,dell,intel,core i5,windows
4,0,500,15.6,17262.72,dell,intel,core,linux
6,128,0,15.6,30316.32,lenovo,intel,core i3,windows
8,256,0,14.0,57116.16,lenovo,intel,core i5,windows
4,0,500,15.6,23655.7872,dell,intel,core,windows
4,0,1024,15.6,18061.92,asus,intel,core,windows
16,128,1024,17.3,101232.0,asus,intel,core i7,windows
4,0,500,15.6,26107.2,dell,intel,core i3,windows
8,1024,0,15.6,47685.6,lenovo,intel,core i7,windows
8,128,1024,15.6,65481.12,msi,intel,core i7,windows
4,128,0,14.0,44382.7728,lenovo,intel,core i5,windows
8,512,0,13.3,38841.12,asus,intel,core,windows
6,0,1024,15.6,24455.52,dell,intel,core i3,windows
4,0,500,15.6,15397.92,acer,intel,core,linux
2,0,500,15.6,20193.12,dell,intel,core,windows
8,0,1024,15.6,47898.72,lenovo,intel,core i7,windows
8,0,1024,15.6,42943.1472,dell,intel,core i7,linux
2,32,0,11.6,11135.52,hp,intel,core,windows
4,0,500,15.6,38378.6496,asus,intel,core i7,windows
4,128,0,14.0,33992.64,lenovo,intel,core i7,windows
2,64,0,14.0,12201.12,lenovo,intel,core,windows
6,0,1024,15.6,40705.92,hp,intel,core i7,windows
